scenario_id,scenario_name,phase_name,dt_s,t_cmd_nm,grade,wind_speed_mps,p_aux_w,time_s,v_mps,v_kph,a_mps2,soc,motor_torque_actual_nm,motor_speed_rpm,battery_power_w,battery_power_kw,cumulative_energy_kwh,distance_m,distance_km
scenario_1_flat_accel,场景1：平路恒定正扭矩加速,正扭矩加速,0.1,120.0,0.0,0.0,500.0,0.1,0.1999582052785924,0.7198495390029327,1.9995820527859238,0.7999995835018684,120.0,58.515716018280585,899.6359642664714,0.8996359642664714,2.498988789629087e-05,0.00999791026392962,9.99791026392962e-06
scenario_1_flat_accel,场景1：平路恒定正扭矩加速,正扭矩加速,0.1,120.0,0.0,0.0,500.0,0.2,0.3999154636197454,1.4396956690310834,1.9995725834115299,0.7999987969713127,120.0,117.03115492504072,1698.9060002526385,1.6989060002526384,7.218172123664195e-05,0.039991593708846515,3.9991593708846514e-05
scenario_1_flat_accel,场景1：平路恒定正扭矩加速,正扭矩加速,0.1,120.0,0.0,0.0,500.0,0.30000000000000004,0.5998698811665178,2.159531572199464,1.9995441754677246,0.7999976404118376,120.0,175.5457625024888,2498.1684660875526,2.4981684660875527,0.00014157528973907397,0.08998086094815969,8.998086094815969e-05
scenario_1_flat_accel,场景1：平路恒定正扭矩加速,正扭矩加速,0.1,120.0,0.0,0.0,500.0,0.4,0.7998195641426865,2.8793504309136715,1.9994968297616866,0.7999961138304525,120.0,234.05898455645442,3297.415791817133,3.297415791817133,0.00023317017284510546,0.1599653332136199,0.0001599653332136199
scenario_1_flat_accel,场景1：平路恒定正扭矩加速,正扭矩加速,0.1,120.0,0.0,0.0,500.0,0.5,0.9997626189244906,3.5991454281281663,1.9994305478180407,0.7999942172376711,120.0,292.5702669373838,4096.640407953334,4.096640407953334,0.0003469657397326981,0.24994444236697874,0.00024994444236697876
scenario_1_flat_accel,场景1：平路恒定正扭矩加速,正扭矩加速,0.1,120.0,0.0,0.0,500.0,0.6,1.1996971521123654,4.318909747604516,1.999345331878748,0.7999919506475109,120.0,351.07905556133187,4895.834745760897,4.895834745760897,0.0004829611493371675,0.35991743091882156,0.00035991743091882153
scenario_1_flat_accel,场景1：平路恒定正扭矩加速,正扭矩加速,0.1,120.0,0.0,0.0,500.0,0.7,1.3996212706026596,5.0386365741695744,1.9992411849029423,0.7999893140774935,120.0,409.5847964309495,5694.991237544054,5.694991237544054,0.0006411553503800579,0.4898833520545728,0.0004898833520545728
scenario_1_flat_accel,场景1：平路恒定正扭矩加速,正扭矩加速,0.1,120.0,0.0,0.0,500.0,0.7999999999999999,1.5995330816593305,5.75831909397359,1.9991181105667089,0.7999863075486431,120.0,468.0869356564645,6494.10231693315,6.49410231693315,0.0008215470814059787,0.6398410696676723,0.0006398410696676723
scenario_1_flat_accel,场景1：平路恒定正扭矩加速,正扭矩加速,0.1,120.0,0.0,0.0,500.0,0.8999999999999999,1.799430692985611,6.4779504947482,1.9989761132628048,0.799982931085486,120.0,526.5849194766541,7293.160419171166,7.293160419171166,0.0010241348708274,0.8097892583999193,0.0008097892583999193
scenario_1_flat_accel,场景1：平路恒定正扭矩加速,正扭矩加速,0.1,120.0,0.0,0.0,500.0,0.9999999999999999,1.9993122127956433,7.197523966064316,1.9988151981003233,0.7999791847160502,120.0,585.0781942798081,8092.157981400124,8.092157981400124,0.0012489170369774036,0.999726403688982,0.000999726403688982
scenario_1_flat_accel,场景1：平路恒定正扭矩加速,正扭矩加速,0.1,120.0,0.0,0.0,500.0,1.0999999999999999,2.1991757498860736,7.917032699589865,1.9986353709043025,0.7999750684718637,120.0,643.5662066246799,8891.08744294733,8.89108744294733,0.0014958916881703849,1.2096508018230678,0.0012096508018230678
scenario_1_flat_accel,场景1：平路恒定正扭矩加速,正扭矩加速,0.1,120.0,0.0,0.0,500.0,1.2,2.3990194137075993,8.636469889347358,1.9984366382152574,0.7999705823879537,120.0,702.0484032614241,9689.941245611477,9.689941245611477,0.0017650567227707036,1.4395605600027515,0.0014395605600027515
scenario_1_flat_accel,场景1：平路恒定正扭矩加速,正扭矩加速,0.1,120.0,0.0,0.0,500.0,1.3,2.5988413144364686,9.355828731971288,1.998219007288693,0.7999657265028454,120.0,760.5242311525211,10488.71183394852,10.488711833948521,0.0020564098292692734,1.6894535964099548,0.0016894535964099549
scenario_1_flat_accel,场景1：平路恒定正扭矩加速,正扭矩加速,0.1,120.0,0.0,0.0,500.0,1.4000000000000001,2.798639563045921,10.075102426965316,1.997982486094525,0.7999605008585604,120.0,818.9931374936814,11287.39165555737,11.28739165555737,0.0023699484863680892,1.9593276402840742,0.0019593276402840743
scenario_1_flat_accel,场景1：平路恒定正扭矩加速,正扭矩加速,0.1,120.0,0.0,0.0,500.0,1.5000000000000002,2.998412271377566,10.794284176959238,1.9977270833164473,0.7999549055006153,120.0,877.454569734736,12085.973161365315,12.085973161365315,0.0027056699630726815,2.2491802320052487,0.0022491802320052487
scenario_1_flat_accel,场景1：平路恒定正扭矩加速,正扭矩加速,0.1,120.0,0.0,0.0,500.0,1.6000000000000003,3.1981575522126926,11.513367187965693,1.9974528083512677,0.79994894047802,120.0,935.9079756005034,12884.448805913209,12.884448805913209,0.003063571318792493,2.559008723184762,0.002559008723184762
scenario_1_flat_accel,场景1：平路恒定正扭矩加速,正扭矩加速,0.1,120.0,0.0,0.0,500.0,1.7000000000000004,3.3978735193435083,12.23234466963663,1.9971596713081574,0.7999426058432757,120.0,994.3528031116365,13682.811047640373,13.682811047640373,0.00344364940344917,2.888810276762572,0.002888810276762572
scenario_1_flat_accel,场景1：平路恒定正扭矩加速,正扭矩加速,0.1,120.0,0.0,0.0,500.0,1.8000000000000005,3.597558287644295,12.951209835519462,1.9968476830078652,0.7999359016523733,120.0,1052.7885006054464,14481.05234916917,14.48105234916917,0.003845900857592758,3.238581867111962,0.003238581867111962
scenario_1_flat_accel,场景1：平路恒定正扭矩加速,正扭矩加速,0.1,120.0,0.0,0.0,500.0,1.9000000000000006,3.797209973142479,13.669955903312925,1.9965168549818424,0.799928827964791,120.0,1111.2145167567005,15279.165177589275,15.279165177589276,0.004270322112525793,3.608320280151301,0.003608320280151301
scenario_1_flat_accel,场景1：平路恒定正扭矩加速,正扭矩加速,0.1,120.0,0.0,0.0,500.0,2.0000000000000004,3.9968266930896155,14.388576095122616,1.9961671994713637,0.7999213848434925,120.0,1169.6303005983943,16077.142004741565,16.077142004741564,0.004716909390435281,3.9980221134629055,0.003998022113462905
scenario_1_flat_accel,场景1：平路恒定正扭矩加速,正扭矩加速,0.1,120.0,0.0,0.0,500.0,2.1000000000000005,4.196406566032269,15.107063637716168,1.9957987294265322,0.7999135723549242,120.0,1228.0353015424948,16874.975307501663,16.874975307501664,0.00518565870453255,4.407683776419,0.004407683776419
scenario_1_flat_accel,场景1：平路恒定正扭矩加速,正扭矩加速,0.1,120.0,0.0,0.0,500.0,2.2000000000000006,4.395947711882798,15.825411762778073,1.9954114585052896,0.7999053905690131,120.0,1286.4289694006543,17672.65756806307,17.67265756806307,0.005676565859200968,4.837301490314753,0.004837301490314754
scenario_1_flat_accel,场景1：平路恒定正扭矩加速,正扭矩加速,0.1,120.0,0.0,0.0,500.0,2.3000000000000007,4.5954482519900255,16.54361370716409,1.9950054010722784,0.7998968395591639,120.0,1344.8107544048928,18470.181274219878,18.47018127421988,0.00618962645015152,5.286871288508395,0.0052868712885083945
scenario_1_flat_accel,场景1：平路恒定正扭矩加速,正扭矩加速,0.1,120.0,0.0,0.0,500.0,2.400000000000001,4.7949063092098045,17.261662713155296,1.9945805721977905,0.7998879194022567,120.0,1403.1801072282458,19267.538919649025,19.267538919649024,0.006724835864586215,5.756389016568386,0.005756389016568386
scenario_1_flat_accel,场景1：平路恒定正扭矩加速,正扭矩加速,0.1,120.0,0.0,0.0,500.0,2.500000000000001,4.994320007975455,17.979552028711637,1.9941369876565052,0.7998786301786436,120.0,1461.5364790053782,20064.72300419214,20.06472300419214,0.00728218928136933,6.245850332427649,0.006245850332427649
scenario_1_flat_accel,场景1：平路恒定正扭矩加速,正扭矩加速,0.1,120.0,0.0,0.0,500.0,2.600000000000001,5.19368747436808,18.697274907725088,1.993674663926246,0.7998689719721463,120.0,1519.8793213531633,20861.726034136795,20.861726034136794,0.007861681671206464,6.7552507065448255,0.006755250706544825
scenario_1_flat_accel,场景1：平路恒定正扭矩加速,正扭矩加速,0.1,120.0,0.0,0.0,500.0,2.700000000000001,5.3930068361867525,19.41482461027231,1.9931936181867282,0.7998589448700526,120.0,1578.208086391219,21658.540522497387,21.658540522497386,0.008463307796831392,7.284585422072567,0.007284585422072567
scenario_1_flat_accel,场景1：平路恒定正扭矩加速,正扭矩加速,0.1,120.0,0.0,0.0,500.0,2.800000000000001,5.592276223018567,20.132194402866844,1.9926938683181472,0.7998485489631131,120.0,1636.5222267624106,22455.15898929534,22.45515898929534,0.009087062213200707,7.833849575032833,0.007833849575032832
scenario_1_flat_accel,场景1：平路恒定正扭矩加速,正扭矩加速,0.1,120.0,0.0,0.0,500.0,2.9000000000000012,5.791493766308546,20.849377558710767,1.992175432899792,0.7998377843455382,120.0,1694.8211956533064,23251.5739618389,23.2515739618389,0.009732939267696233,8.403038074499188,0.008403038074499188
scenario_1_flat_accel,场景1：平路恒定正扭矩加速,正扭矩加速,0.1,120.0,0.0,0.0,500.0,3.0000000000000013,5.990657599429402,21.566367357945847,1.991638331208554,0.7998266511149942,120.0,1753.1044468145922,24047.77797500221,24.04777797500221,0.010400933100335182,8.992145642786085,0.008992145642786085
scenario_1_flat_accel,场景1：平路恒定正扭矩加速,正扭矩加速,0.1,120.0,0.0,0.0,500.0,3.1000000000000014,6.189765857751144,22.28315708790412,1.991082583217425,0.7998151493726,120.0,1811.3714345814446,24843.763571503892,24.843763571503892,0.011091037643988068,9.601166815645112,0.009601166815645112
scenario_1_flat_accel,场景1：平路恒定正扭矩加速,正扭矩加速,0.1,120.0,0.0,0.0,500.0,3.2000000000000015,6.388816678710534,22.999740043357924,1.9905082095938997,0.799803279222923,120.0,1869.6216138938528,25639.52330218498,25.639523302184983,0.011803246624604318,10.230095942468196,0.010230095942468197
scenario_1_flat_accel,场景1：平路恒定正扭矩加速,正扭矩加速,0.1,120.0,0.0,0.0,500.0,3.3000000000000016,6.587808201880369,23.71610952676933,1.9899152316983493,0.7997910407739757,120.0,1927.8544403168942,26435.049726286168,26.435049726286167,0.0125375535614456,10.87892718649774,0.010878927186497741
scenario_1_flat_accel,场景1：平路恒定正扭矩加速,正扭矩加速,0.1,120.0,0.0,0.0,500.0,3.4000000000000017,6.786738569038601,24.432258848538964,1.9893036715823165,0.799778434137211,120.0,1986.069370060963,27230.33541172445,27.23033541172445,0.013293951767326834,11.54765452504369,0.01154765452504369
scenario_1_flat_accel,场景1：平路恒定正扭矩加速,正扭矩加速,0.1,120.0,0.0,0.0,500.0,3.5000000000000018,6.98560592423728,25.14818132725421,1.9886735519867926,0.7997654594275186,120.0,2044.2658600019454,28025.372935369047,28.025372935369045,0.014072434348864862,12.236271749707484,0.012236271749707484
scenario_1_flat_accel,场景1：平路恒定正扭矩加速,正扭矩加速,0.1,120.0,0.0,0.0,500.0,3.600000000000002,7.184408413871323,25.863870289936763,1.9880248963404323,0.7997521167632208,120.0,2102.443367701342,28820.154883316634,28.820154883316633,0.014872994206734769,12.944772466612914,0.012944772466612913
scenario_1_flat_accel,场景1：平路恒定正扭矩加速,正扭矩加速,0.1,120.0,0.0,0.0,500.0,3.700000000000002,7.383144186747089,26.57931907228952,1.9873577287576527,0.7997384062660675,120.0,2160.6013514263377,29614.67385116583,29.61467385116583,0.01569562403593382,13.673150096643834,0.013673150096643834
scenario_1_flat_accel,场景1：平路恒定正扭矩加速,正扭矩加速,0.1,120.0,0.0,0.0,500.0,3.800000000000002,7.581811394150765,27.294521018942756,1.9866720740367683,0.7997243280612322,120.0,2218.739270169816,30408.92244429094,30.40892244429094,0.016540316326053014,14.421397875688726,0.014421397875688725
scenario_1_flat_accel,场景1：平路恒定正扭矩加速,正扭矩加速,0.1,120.0,0.0,0.0,500.0,3.900000000000002,7.780408189916567,28.009469483699643,1.9859679576580191,0.7997098822773071,120.0,2276.85658367031,31202.893278114938,31.20289327811494,0.017407063361556206,15.189508854892093,0.015189508854892094
scenario_1_flat_accel,场景1：平路恒定正扭矩加速,正扭矩加速,0.1,120.0,0.0,0.0,500.0,4.000000000000002,7.9789327304947255,28.724157829781014,1.9852454057815816,0.7996950690462986,120.0,2334.9527524319064,31996.578978381618,31.996578978381617,0.018295857222066805,15.977475900912658,0.01597747590091266
scenario_1_flat_accel,场景1：平路恒定正扭矩加速,正扭矩加速,0.1,120.0,0.0,0.0,500.0,4.100000000000001,8.177383175019273,29.43857943006938,1.9845044452454719,0.799679888503622,120.0,2393.027237744079,32789.972181427,32.789972181427004,0.019206689782662,16.78529169618836,0.016785291696188358
scenario_1_flat_accel,场景1：平路恒定正扭矩加速,正扭矩加速,0.1,120.0,0.0,0.0,500.0,4.200000000000001,8.375757685375616,30.152727667352217,1.9837451035634324,0.7996643407880968,120.0,2451.0795017014607,33583.065534449815,33.583065534449815,0.020139552714174495,17.612948739208104,0.017612948739208104
scenario_1_flat_accel,场景1：平路恒定正扭矩加速,正扭矩加速,0.1,120.0,0.0,0.0,500.0,4.300000000000001,8.574054426267898,30.866595934564433,1.9829674089228178,0.7996484260419413,120.0,2509.1090072235615,34375.85169578122,34.375851695781215,0.021094437483501753,18.46043934479028,0.018460439344790282
scenario_1_flat_accel,场景1：平路恒定正扭矩加速,正扭矩加速,0.1,120.0,0.0,0.0,500.0,4.4,8.772271565286125,31.58017763503005,1.9821713901822768,0.7996321444107676,120.0,2567.1152180744066,35168.32333515355,35.16832333515355,0.022071335353922684,19.327755644367983,0.01932775564436798
scenario_1_flat_accel,场景1：平路恒定正扭矩加速,正扭矩加速,0.1,120.0,0.0,0.0,500.0,4.5,8.970407272973086,32.293466182703106,1.9813570768696032,0.799615496043576,120.0,2625.0975988821247,35960.47313396828,35.96047313396828,0.023070237385421802,20.214889586280943,0.020214889586280944
scenario_1_flat_accel,场景1：平路恒定正扭矩加速,正扭矩加速,0.1,120.0,0.0,0.0,500.0,4.6,9.168459722891017,33.00645500240766,1.9805244991793103,0.7995984810927493,120.0,2683.0556151584547,36752.29378556289,36.75229378556289,0.024091134435020773,21.12183293607415,0.02112183293607415
scenario_1_flat_accel,场景1：平路恒定正扭矩加速,正扭矩加速,0.1,120.0,0.0,0.0,500.0,4.699999999999999,9.366427091688044,33.71913753007696,1.9796736879702692,0.7995810997140477,120.0,2740.9887333181887,37543.77799547709,37.543777995477086,0.02513401715711736,22.0485772768031,0.0220485772768031
scenario_1_flat_accel,场景1：平路恒定正扭矩加速,正扭矩加速,0.1,120.0,0.0,0.0,500.0,4.799999999999999,9.564307559164382,34.431507212991775,1.9788046747633814,0.7995633520666025,120.0,2798.896420698546,38334.91848171767,38.33491848171767,0.02619887600383174,22.995114009345723,0.022995114009345723
scenario_1_flat_accel,场景1：平路恒定正扭矩加速,正扭矩加速,0.1,120.0,0.0,0.0,500.0,4.899999999999999,9.76209930833828,35.14355751001781,1.9779174917389852,0.7995452383129104,120.0,2856.7781455784702,39125.70797502286,39.125707975022856,0.027285701225360153,23.961434352720858,0.023961434352720856
scenario_1_flat_accel,场景1：平路恒定正扭矩加速,正扭矩加速,0.1,120.0,0.0,0.0,500.0,4.999999999999998,9.959800525511719,35.85528189184219,1.977012171734387,0.7995267586188274,120.0,2914.6333771978543,39916.13921912517,39.91613921912517,0.02839448287033585,24.947529344413358,0.02494752934441336
scenario_1_flat_accel,场景1：平路恒定正扭矩加速,正扭矩加速,0.1,120.0,0.0,0.0,500.0,5.099999999999998,10.157409400335847,36.56667384120905,1.9760887482412848,0.7995079131535631,120.0,2972.461585776693,40706.20497101372,40.70620497101372,0.029525210786197343,25.953389840705736,0.025953389840705735
scenario_1_flat_accel,场景1：平路恒定正扭矩加速,正扭矩加速,0.1,120.0,0.0,0.0,500.0,5.1999999999999975,10.354924125876162,37.277726853154185,1.9751472554031402,0.7994887020896736,120.0,3030.2622425341524,41495.898001195106,41.49589800119511,0.030677874619563873,26.979006517016337,0.026979006517016336
scenario_1_flat_accel,场景1：平路恒定正扭矩加速,正扭矩加速,0.1,120.0,0.0,0.0,500.0,5.299999999999997,10.552342898677413,37.98843443523869,1.974187728012513,0.799469125603056,120.0,3088.03481970757,42285.211093953505,42.28521109395351,0.03185246381661814,28.024369868244015,0.028024369868244015
scenario_1_flat_accel,场景1：平路恒定正扭矩加速,正扭矩加速,0.1,120.0,0.0,0.0,500.0,5.399999999999997,10.749663918828247,38.69879010778169,1.9732102015083441,0.7994491838729414,120.0,3145.778790571364,43074.13704760949,43.07413704760949,0.03304896762349618,29.0894702091193,0.029089470209119297
scenario_1_flat_accel,场景1：平路恒定正扭矩加速,正扭矩加速,0.1,120.0,0.0,0.0,500.0,5.4999999999999964,10.946885390025564,39.40878740409203,1.972214711973166,0.7994288770818883,120.0,3203.493629455874,43862.668674777946,43.86266867477794,0.034267375086684454,30.174297674561988,0.03017429767456199
scenario_1_flat_accel,场景1：平路恒定正扭矩加速,正扭矩加速,0.1,120.0,0.0,0.0,500.0,5.599999999999996,11.144005519638592,40.11841987069893,1.9712012961302783,0.799408205415776,120.0,3261.1788117661067,44650.798802624704,44.650798802624706,0.03550767505342403,31.278842220045195,0.0312788422200452
scenario_1_flat_accel,场景1：平路恒定正扭矩加速,正扭矩加速,0.1,120.0,0.0,0.0,500.0,5.699999999999996,11.341022518772686,40.82768106758167,1.970169991340942,0.7993871690637977,120.0,3318.8338140004103,45438.52027312212,45.43852027312212,0.03676985617212187,32.40309362196576,0.03240309362196576
scenario_1_flat_accel,场景1：平路恒定正扭矩加速,正扭矩加速,0.1,120.0,0.0,0.0,500.0,5.799999999999995,11.537934602332827,41.53656456839818,1.9691208356014123,0.7993657682184536,120.0,3376.4581137690516,46225.82594330345,46.22582594330345,0.03805390689276919,33.547041478021036,0.03354704147802104
scenario_1_flat_accel,场景1：平路恒定正扭矩加速,正扭矩加速,0.1,120.0,0.0,0.0,500.0,5.899999999999995,11.73473998908683,42.245063960712585,1.968053867540025,0.7993440030755437,120.0,3434.051189812718,47012.70868551615,47.012708685516145,0.03935981546736686,34.71067520759202,0.034710675207592016
scenario_1_flat_accel,场景1：平路恒定正扭矩加速,正扭矩加速,0.1,120.0,0.0,0.0,500.0,5.999999999999995,11.93143690172824,42.95317284622167,1.9669691264141065,0.7993218738341604,120.0,3491.6125220209224,47799.16138767388,47.79916138767388,0.0406875699503578,35.89398405213277,0.035893984052132774
scenario_1_flat_accel,场景1：平路恒定正扭矩加速,正扭矩加速,0.1,120.0,0.0,0.0,500.0,6.099999999999994,12.128023566938946,43.66088484098021,1.96586665210706,0.7992993806966819,120.0,3549.1415914503227,48585.17695350734,48.58517695350734,0.04203715819906634,37.09695707556613,0.03709695707556613
scenario_1_flat_accel,场景1：平路恒定正扭矩加速,正扭矩加速,0.1,120.0,0.0,0.0,500.0,6.199999999999994,12.32449821545146,44.368193575625256,1.9647464851251328,0.799276523868764,120.0,3606.637880342953,49370.748302813925,49.37074830281392,0.0434085678741445,38.31958316468565,0.03831958316468565
scenario_1_flat_accel,场景1：平路恒定正扭矩加速,正扭矩加速,0.1,120.0,0.0,0.0,500.0,6.299999999999994,12.520859082110897,45.07509269559923,1.9636086665943786,0.7992533035593327,120.0,3664.100872144356,50155.868371705976,50.15586837170598,0.04480178644002522,39.56185102956377,0.03956185102956377
scenario_1_flat_accel,场景1：平路恒定正扭矩加速,正扭矩加速,0.1,120.0,0.0,0.0,500.0,6.399999999999993,12.71710440593664,45.781575861371905,1.9624532382574245,0.7992297199805767,120.0,3721.5300515216336,50940.53011285798,50.94053011285798,0.04621680116538239,40.823749203966145,0.04082374920396614
scenario_1_flat_accel,场景1：平路恒定正扭矩加速,正扭矩加速,0.1,120.0,0.0,0.0,500.0,6.499999999999993,12.913232430183665,46.487636748661195,1.9612802424702558,0.7992057733479397,120.0,3778.924904381388,51724.72649575237,51.72472649575237,0.047653599123597734,42.10526604577216,0.04210526604577216
scenario_1_flat_accel,场景1：平路恒定正扭矩加速,正扭矩加速,0.1,120.0,0.0,0.0,500.0,6.5999999999999925,13.109241402403557,47.1932690486528,1.9600897221989122,0.7991814638801125,120.0,3836.2849178875813,52508.45050692397,52.50845050692397,0.04911216719323451,43.406389737401526,0.043406389737401525
scenario_1_flat_accel,场景1：平路恒定正扭矩加速,正扭矩加速,0.1,120.0,0.0,0.0,500.0,6.699999999999992,13.30512957450518,47.89846646821865,1.9588817210162368,0.7991567917990244,120.0,3893.609580479289,53291.6951502033,53.291695150203296,0.050592492058517936,44.72710828624696,0.04472710828624696
scenario_1_flat_accel,场景1：平路恒定正扭矩加速,正扭矩加速,0.1,120.0,0.0,0.0,500.0,6.799999999999992,13.500895202815023,48.603222730134085,1.95765628309843,0.799131757329836,120.0,3950.898381888357,54074.45344695833,54.07445344695833,0.05209456020982233,46.06740952511297,0.04606740952511297
scenario_1_flat_accel,场景1：平路恒定正扭矩加速,正扭矩加速,0.1,120.0,0.0,0.0,500.0,6.8999999999999915,13.696536548137196,49.30753157329391,1.956413453221728,0.7991063607009303,120.0,4008.150813156964,54856.71843633508,54.85671843633508,0.053618357944164974,47.42728111266058,0.04742728111266058
scenario_1_flat_accel,场景1：平路恒定正扭矩加速,正扭矩加速,0.1,120.0,0.0,0.0,500.0,6.999999999999991,13.89205187581309,50.01138675292712,1.9551532767589386,0.7990806021439046,120.0,4065.3663666550756,55638.48317549671,55.63848317549671,0.05516387136570655,48.806710533858094,0.04880671053385809
scenario_1_flat_accel,场景1：平路恒定正扭矩加速,正扭矩加速,0.1,120.0,0.0,0.0,500.0,7.099999999999991,14.08743945578068,50.71478204081045,1.953875799675906,0.7990544818935621,120.0,4122.544536097801,56419.740739861314,56.41974073986131,0.056731086386258255,50.20568510043778,0.05020568510043778
scenario_1_flat_accel,场景1：平路恒定正扭矩加速,正扭矩加速,0.1,120.0,0.0,0.0,500.0,7.19999999999999,14.282697562633485,51.417711225480545,1.9525810685280476,0.7990280001879031,120.0,4179.684816562646,57200.48422333827,57.20048422333827,0.05831998872579543,51.62419195135849,0.05162419195135849
scenario_1_flat_accel,场景1：平路恒定正扭矩加速,正扭矩加速,0.1,120.0,0.0,0.0,500.0,7.29999999999999,14.477824475679164,52.12016811244499,1.951269130456783,0.7990011572681167,120.0,4236.786704506661,57980.70673856315,57.98070673856315,0.059930563912977734,53.06221805327412,0.05306221805327412
scenario_1_flat_accel,场景1：平路恒定正扭矩加速,正扭矩加速,0.1,120.0,0.0,0.0,500.0,7.39999999999999,14.672818478997748,52.82214652439189,1.9499400331858396,0.7989739533785718,120.0,4293.849697783485,58760.40141713126,58.76040141713126,0.061562797285675826,54.519750201007966,0.054519750201007966
scenario_1_flat_accel,场景1：平路恒定正扭矩加速,正扭矩加速,0.1,120.0,0.0,0.0,500.0,7.499999999999989,14.867677861499521,53.523640301398274,1.9485938250177348,0.798946388766808,120.0,4350.873295660275,59539.561409829745,59.539561409829744,0.06321667399150444,55.99677501803283,0.05599677501803283
scenario_1_flat_accel,场景1：平路恒定正扭矩加速,正扭矩加速,0.1,120.0,0.0,0.0,500.0,7.599999999999989,15.062400916982522,54.22464330113708,1.9472305548300106,0.798918463683527,120.0,4407.856998834546,60318.179886868034,60.31817988686804,0.06489217898836189,57.49327895695693,0.057493278956956925
scenario_1_flat_accel,场景1：平路恒定正扭矩加速,正扭矩加速,0.1,120.0,0.0,0.0,500.0,7.699999999999989,15.256985944189672,54.92514939908282,1.9458502720715032,0.7988901783825835,120.0,4464.800309450878,61096.25003810712,61.09625003810712,0.06658929704497597,59.009248300015535,0.059009248300015534
scenario_1_flat_accel,场景1：平路恒定正扭矩加速,正扭矩加速,0.1,120.0,0.0,0.0,500.0,7.799999999999988,15.451431246865535,55.625152488715926,1.9444530267586302,0.7988615331209755,120.0,4521.70273111753,61873.765073287046,61.873765073287046,0.06830801274145618,60.54466915956829,0.06054466915956829
scenario_1_flat_accel,场景1：平路恒定正扭矩加速,正扭矩加速,0.1,120.0,0.0,0.0,500.0,7.899999999999988,15.645735133812689,56.32464648172568,1.9430388694715361,0.7988325281588355,120.0,4578.563768922938,62650.71822225312,62.65071822225312,0.07004831046985209,62.099527478602205,0.06209952747860221
scenario_1_flat_accel,场景1：平路恒定正扭矩加速,正扭矩加速,0.1,120.0,0.0,0.0,500.0,7.999999999999988,15.839895918947718,57.023625308211784,1.941607851350291,0.7988031637594211,120.0,4635.382929452101,63427.10273518034,63.42710273518034,0.07181017443471821,63.673809031240225,0.06367380903124023
scenario_1_flat_accel,场景1：平路恒定正扭矩加速,正扭矩加速,0.1,120.0,0.0,0.0,500.0,8.099999999999987,16.033911921356818,57.722082916884546,1.940160024091,0.7987734401891049,120.0,4692.159720802851,64202.91188279658,64.20291188279658,0.07359358865368479,65.26749942325546,0.06526749942325547
scenario_1_flat_accel,场景1：平路恒定正扭矩加速,正扭矩加速,0.1,120.0,0.0,0.0,500.0,8.199999999999987,16.227781465351008,58.42001327526363,1.9386954399418954,0.7987433577173657,120.0,4748.893652602009,64978.13895660399,64.97813895660398,0.0753985369580349,66.88058409259085,0.06688058409259084
scenario_1_flat_accel,场景1：平路恒定正扭矩加速,正扭矩加速,0.1,120.0,0.0,0.0,500.0,8.299999999999986,16.421502880520947,59.11741036987541,1.9372141516993935,0.7987129166167781,120.0,4805.584236021428,65752.77726909892,65.75277726909893,0.07722500299328765,68.51304830988445,0.06851304830988446
scenario_1_flat_accel,场景1：平路恒定正扭矩加速,正扭矩加速,0.1,120.0,0.0,0.0,500.0,8.399999999999986,16.61507450179136,59.814268206448894,1.935716212704115,0.7986821171630031,120.0,4862.230983793926,66526.82015399022,66.52682015399022,0.07907297021978738,70.16487717900007,0.07016487717900008
scenario_1_flat_accel,场景1：平路恒定正扭矩加速,正扭矩加速,0.1,120.0,0.0,0.0,500.0,8.499999999999986,16.80849466947504,60.51058081011014,1.9342016768367998,0.7986509596347778,120.0,4918.833410229076,67300.260966416,67.30026096641599,0.08094242191329894,71.83605563756339,0.07183605563756339
scenario_1_flat_accel,场景1：平路恒定正扭矩加速,正扭矩加速,0.1,120.0,0.0,0.0,500.0,8.599999999999985,17.001761729326475,61.20634222557531,1.9326705985143633,0.798619444313906,120.0,4975.391031228917,68073.09308315869,68.07309308315868,0.0828333411656089,73.52656845750347,0.07352656845750347
scenario_1_flat_accel,场景1：平路恒定正扭矩加速,正扭矩加速,0.1,120.0,0.0,0.0,500.0,8.699999999999985,17.19487403259505,61.901546517342176,1.9311230326857398,0.7985875714852473,120.0,5031.9033643035,68845.3099028586,68.8453099028586,0.08474571088513276,75.23640024559955,0.07523640024559955
scenario_1_flat_accel,场景1：平路恒定正扭矩加速,正扭矩加速,0.1,120.0,0.0,0.0,500.0,8.799999999999985,17.387829936077832,62.596187769880196,1.9295590348278324,0.7985553414367074,120.0,5088.369928586363,69616.90484622559,69.6169048462256,0.08667951379752792,76.9655354440332,0.07696553544403319
scenario_1_flat_accel,场景1：平路恒定正扭矩加速,正扭矩加速,0.1,120.0,0.0,0.0,500.0,8.899999999999984,17.580627802171957,63.29026008781905,1.9279786609412497,0.7985227544592276,120.0,5144.7902448498335,70387.87135624958,70.38787135624958,0.08863473244631263,78.71395833094569,0.07871395833094569
scenario_1_flat_accel,场景1：平路恒定正扭矩加速,正扭矩加速,0.1,120.0,0.0,0.0,500.0,8.999999999999984,17.77326599892658,63.98375759613569,1.9263819675462202,0.7984898108467746,120.0,5201.163835520253,71158.20289840872,71.15820289840872,0.09061134919349065,80.48165302100061,0.0804816530210006
scenario_1_flat_accel,场景1：平路恒定正扭矩加速,正扭矩加速,0.1,120.0,0.0,0.0,500.0,9.099999999999984,17.96574290009441,64.67667444033987,1.9247690116782934,0.7984565108963297,120.0,5257.490224693047,71927.89296087644,71.92789296087645,0.09260934622018166,82.26860346595166,0.08226860346595166
scenario_1_flat_accel,场景1：平路恒定正扭矩加速,正扭矩加速,0.1,120.0,0.0,0.0,500.0,9.199999999999983,18.15805688518283,65.3690047866582,1.923139850884219,0.7984228549078785,120.0,5313.768938147688,72696.93505472661,72.69693505472661,0.0946287055272574,84.07479345521551,0.08407479345521551
scenario_1_flat_accel,场景1：平路恒定正扭矩加速,正扭矩加速,0.1,120.0,0.0,0.0,500.0,9.299999999999983,18.35020633950458,66.0607428222165,1.9214945432175057,0.7983888431843997,120.0,5369.99950336252,73465.32271413683,73.46532271413683,0.09666940893598341,85.90020661644988,0.08590020661644988
scenario_1_flat_accel,场景1：平路恒定正扭矩加速,正扭矩加速,0.1,120.0,0.0,0.0,500.0,9.399999999999983,18.542189654228004,66.75188275522082,1.919833147234229,0.798354476031855,120.0,5426.181449529483,74233.04949659038,74.23304949659038,0.09873143808866648,87.7448264161365,0.0877448264161365
scenario_1_flat_accel,场景1：平路恒定正扭矩加速,正扭矩加速,0.1,120.0,0.0,0.0,500.0,9.499999999999982,18.734005226426873,67.44241881513675,1.9181557219886969,0.7983197537591777,120.0,5482.314307568666,75000.108983076,75.000108983076,0.10081477444930748,89.60863616016925,0.08960863616016926
scenario_1_flat_accel,场景1：平路恒定正扭矩加速,正扭矩加速,0.1,120.0,0.0,0.0,500.0,9.599999999999982,18.92565145912977,68.13234525286718,1.9164623270289738,0.7982846766782619,120.0,5538.397610142779,75766.4947782864,75.7664947782864,0.10291939930425988,91.49161899444708,0.09149161899444708
scenario_1_flat_accel,场景1：平路恒定正扭矩加速,正扭矩加速,0.1,120.0,0.0,0.0,500.0,9.699999999999982,19.117126761369036,68.82165634092853,1.9147530223926523,0.7982492451039513,120.0,5594.430891671471,76532.20051081458,76.53220051081458,0.10504529376289362,93.39375790547201,0.09339375790547201
scenario_1_flat_accel,场景1：平路恒定正扭矩加速,正扭矩加速,0.1,120.0,0.0,0.0,500.0,9.799999999999981,19.30842954822926,69.51034637362534,1.913027868602235,0.7982134593540285,120.0,5650.413688345516,77297.21983334862,77.29721983334862,0.10719243875826441,95.31503572095193,0.09531503572095193
scenario_1_flat_accel,场景1：平路恒定正扭矩加速,正扭矩加速,0.1,120.0,0.0,0.0,500.0,9.89999999999998,19.499558240895343,70.19840966722323,1.9112869266608357,0.7981773197492031,120.0,5706.345538140886,78061.54642286475,78.06154642286475,0.10936081504778843,97.25543511040816,0.09725543511040816
scenario_1_flat_accel,场景1：平路恒定正扭矩加速,正扭矩加速,0.1,120.0,0.0,0.0,500.0,9.99999999999998,19.69051126670011,70.8858405601204,1.909530258047667,0.7981408266131009,120.0,5762.225980832673,78825.1739808184,78.8251739808184,0.11155040321392228,99.21493858578793,0.09921493858578793
scenario_1_flat_accel,场景1：平路恒定正扭矩加速,正扭矩加速,0.1,120.0,0.0,0.0,500.0,10.09999999999998,19.88128705917146,71.57263341301726,1.9077579247134935,0.7981039802722522,120.0,5818.0545580089,79588.09623333378,79.58809623333379,0.11376118366484822,101.1935285020815,0.1011935285020815
scenario_1_flat_accel,场景1：平路恒定正扭矩加速,正扭矩加速,0.1,120.0,0.0,0.0,500.0,10.19999999999998,20.071884058079075,72.25878260908468,1.905969989076155,0.7980667810560802,120.0,5873.830813084184,80350.3069313913,80.3503069313913,0.11599313663516464,103.19118705794403,0.10319118705794403
scenario_1_flat_accel,场景1：平路恒定正扭矩加速,正扭矩加速,0.1,120.0,0.0,0.0,500.0,10.29999999999998,20.26230070948067,72.94428255413041,1.904166514015948,0.7980292292968899,120.0,5929.554291313264,81111.79985101354,81.11179985101354,0.11824624218658168,105.20789629632202,0.10520789629632202
scenario_1_flat_accel,场景1：平路恒定正扭矩加速,正扭矩加速,0.1,120.0,0.0,0.0,500.0,10.399999999999979,20.45253546576778,73.62912767676401,1.902347562871114,0.797991325329856,120.0,5985.224539804414,81872.56879344885,81.87256879344885,0.12052048020862192,107.24363810508444,0.10724363810508444
scenario_1_flat_accel,场景1：平路恒定正扭矩加速,正扭矩加速,0.1,120.0,0.0,0.0,500.0,10.499999999999979,20.6425867857111,74.31331242855995,1.9005131994331848,0.7979530694930109,120.0,6040.841107532696,82632.60758535401,82.63260758535401,0.1228158304193262,109.29839421765838,0.10929839421765838
scenario_1_flat_accel,场景1：平路恒定正扭矩加速,正扭矩加速,0.1,120.0,0.0,0.0,500.0,10.599999999999978,20.83245313450534,74.99683128421923,1.8986634879424003,0.7979144621272336,120.0,6096.403545353101,83391.91007897395,83.39191007897395,0.12513227236596436,111.37214621366921,0.11137214621366921
scenario_1_flat_accel,场景1：平路恒定正扭矩加速,正扭矩加速,0.1,120.0,0.0,0.0,500.0,10.699999999999978,21.02213298381364,75.6796787417291,1.8967984930830184,0.7978755035762372,120.0,6151.911406013536,84150.47015232053,84.15047015232052,0.12746978542575105,113.46487551958516,0.11346487551958516
scenario_1_flat_accel,场景1：平路恒定正扭矩加速,正扭矩加速,0.1,120.0,0.0,0.0,500.0,10.799999999999978,21.211624811811504,76.36184932252142,1.8949182799786257,0.7978361941865569,120.0,6207.364244167685,84908.28170934899,84.90828170934898,0.1298283488065663,115.57656340936641,0.11557656340936641
scenario_1_flat_accel,场景1：平路恒定正扭矩加速,正扭矩加速,0.1,120.0,0.0,0.0,500.0,10.899999999999977,21.40092710323026,77.04333757162894,1.8930229141875543,0.7977965343075384,120.0,6262.7616163877265,85665.33868013255,85.66533868013255,0.1322079415476811,117.7071910051185,0.1177071910051185
scenario_1_flat_accel,场景1：平路恒定正扭矩加速,正扭矩加速,0.1,120.0,0.0,0.0,500.0,10.999999999999977,21.590038349400064,77.72413805784024,1.8911124616980501,0.7977565242913249,120.0,6318.103081176919,86421.63502103537,86.42163502103537,0.13460854252048762,119.85673927775002,0.11985673927775002
scenario_1_flat_accel,场景1：平路恒定正扭矩加速,正扭矩加速,0.1,120.0,0.0,0.0,500.0,11.099999999999977,21.778957048292416,78.4042453738527,1.8891869889235124,0.7977161644928458,120.0,6373.388198982042,87177.16471488327,87.17716471488328,0.13703013042923437,122.02518904763464,0.12202518904763464
scenario_1_flat_accel,场景1：平路恒定正扭矩加速,正扭矩加速,0.1,120.0,0.0,0.0,500.0,11.199999999999976,21.967442829922042,79.08279418771936,1.8848578162962681,0.7976755011576864,119.86461564715526,6428.546627994526,87832.80394427574,87.83280394427574,0.13946993053879758,124.21250904154536,0.12421250904154536
scenario_1_flat_accel,场景1：平路恒定正扭矩加速,正扭矩加速,0.1,120.0,0.0,0.0,500.0,11.299999999999976,22.15391868393492,79.7541072621657,1.8647585401287614,0.797634841158946,118.83614929606888,6483.11687232374,87825.59727921119,87.82559727921118,0.1419095304632201,126.41857711723821,0.12641857711723822
scenario_1_flat_accel,场景1：平路恒定正扭矩加速,正扭矩加速,0.1,120.0,0.0,0.0,500.0,11.399999999999975,22.338434773215095,80.41836518357434,1.8451608928017649,0.7975941843790751,117.83587152382736,6537.113611622733,87818.64452105493,87.81864452105494,0.14434893725547163,128.64319479009572,0.12864319479009573
scenario_1_flat_accel,场景1：平路恒定正扭矩加速,正扭矩加速,0.1,120.0,0.0,0.0,500.0,11.499999999999975,22.521039075833883,81.07574067300199,1.8260430261878824,0.7975535307066752,116.86254396479137,6590.550886181532,87811.93238386746,87.81193238386746,0.14678815759946795,130.88616848254816,0.13088616848254817
scenario_1_flat_accel,场景1：平路恒定正扭矩加速,正扭矩加速,0.1,120.0,0.0,0.0,500.0,11.599999999999975,22.701777517249926,81.72639906209973,1.8073844141604312,0.7975128800360757,115.91500316655856,6643.442135614146,87805.44849506674,87.80544849506674,0.14922719783544203,133.14730931220234,0.13314730931220234
scenario_1_flat_accel,场景1：平路恒定正扭矩加速,正扭矩加速,0.1,120.0,0.0,0.0,500.0,11.699999999999974,22.88069409239099,82.37049873260756,1.7891657514106285,0.7974722322669469,114.99215485685504,6695.800234584533,87799.18131818593,87.79918131818593,0.15166606398316942,135.42643289268437,0.13542643289268438
scenario_1_flat_accel,场景1：平路恒定正扭矩加速,正扭矩加速,0.1,120.0,0.0,0.0,500.0,11.799999999999974,23.057830978548786,83.00819152277563,1.7713688615779688,0.7974315873039453,114.09296873811222,6747.637525844128,87793.12008334555,87.79312008334556,0.15410476176326235,137.72335914623136,0.13772335914623135
scenario_1_flat_accel,场景1：平路恒定正扭矩加速,正扭矩加速,0.1,120.0,0.0,0.0,500.0,11.899999999999974,23.233228639918423,83.63962310370633,1.7539766136963664,0.7973909450563876,113.2164737532383,6798.965850824224,87787.25472455456,87.78725472455456,0.1565432966167222,140.03791212715473,0.14003791212715472
scenario_1_flat_accel,场景1：平路恒定正扭矩加速,正扭矩加速,0.1,120.0,0.0,0.0,500.0,11.999999999999973,23.406925924526487,84.26493332829536,1.73697284608064,0.797350305437951,112.36175377296334,6849.796578000991,87781.57582307076,87.78157582307075,0.1589816737229186,142.36991985537696,0.14236991985537698
