phase_name,dt_s,t_cmd_nm,grade,p_aux_w,time_s,v_mps,v_kph,a_mps2,soc,motor_torque_actual_nm,motor_speed_rpm,battery_power_w,cumulative_energy_kwh,f_roll_n,f_aero_n,f_grade_n,f_drive_n,f_net_n
平路加速,0.1,180.0,0.0,800.0,0.1,0.30582330791788853,1.1009639085043987,3.058233079178885,0.8499992051728996,180.0,89.4960515021698,1716.82653671036,4.7689626019732225e-05,194.23800000000003,0.0,0.0,5240.322580645161,5046.084580645161
平路加速,0.1,180.0,0.0,800.0,0.2,0.6116444007834481,2.201919842820413,3.058210928655595,0.8499975614354137,180.0,178.99145479201508,3550.472969634091,0.00014631387517623475,194.23800000000003,0.036548363428818495,0.0,5240.322580645161,5046.048032281732
平路加速,0.1,180.0,0.0,800.0,0.30000000000000004,0.9174588485561942,3.302851854802299,3.058144477727461,0.8499950687998393,180.0,268.4849134636666,5384.092840762252,0.0002958720096418529,194.23800000000003,0.1461923948503824,0.0,5240.322580645161,5045.938388250311
平路加速,0.1,180.0,0.0,800.0,0.4,1.2232622214844189,4.403743997343908,3.0580337292822466,0.8499917272907702,180.0,357.9751311957624,7217.659589357376,0.0004963625537906689,194.23800000000003,0.32892732945224795,0.0,5240.322580645161,5045.7556533157085
平路加速,0.1,180.0,0.0,800.0,0.5,1.5290500903618536,5.504580325302673,3.057878688774347,0.8499875369450955,180.0,447.46081182655803,9051.1466571829,0.0007477832942679717,194.23800000000003,0.5847441674877343,0.0,5240.322580645161,5045.499836477673
平路加速,0.1,180.0,0.0,800.0,0.6,1.8348180267842733,6.605344896423384,3.0576793642241973,0.8499824978119983,180.0,536.9406594290186,10884.52749004186,0.0010501312801024679,194.23800000000003,0.9136296752344788,0.0,5240.322580645161,5045.170950969926
平路加速,0.1,180.0,0.0,800.0,0.7,2.1405616034060118,7.706021772261643,3.0574357662173846,0.8499766099529523,180.0,626.413378385886,12717.775539315198,0.0014034028228612234,194.23800000000003,1.315566386474233,0.0,5240.322580645161,5044.769014258686
平路加速,0.1,180.0,0.0,800.0,0.7999999999999999,2.4462763941963552,8.80659501910688,3.0571479079034347,0.8499698734417193,180.0,715.8776734647087,14550.864263499383,0.0018075934968473173,194.23800000000003,1.790532604493617,0.0,5240.322580645161,5044.294048040667
平路加速,0.1,180.0,0.0,800.0,0.8999999999999999,2.7519579746957827,9.907048708904819,3.056815804994275,0.8499622883643444,180.0,805.3322498928293,16383.767129743259,0.0022626981393401857,194.23800000000003,2.3385024046054275,0.0,5240.322580645161,5043.746078240555
平路加速,0.1,180.0,0.0,800.0,0.9999999999999999,3.057601922272023,11.007366920179283,3.0564394757624047,0.8499538548191521,180.0,894.7758134323162,18216.45761538385,0.002768710850878626,194.23800000000003,2.95944563719,0.0,5240.322580645161,5043.125135007971
平路加速,0.1,180.0,0.0,800.0,1.0999999999999999,3.363203816375896,12.107533738953226,3.0560189410387295,0.8499445729167403,180.0,984.2070704548325,20048.909209480964,0.0033256249955864307,194.23800000000003,3.6533279312560016,0.0,5240.322580645161,5042.4312527139045
平路加速,0.1,180.0,0.0,800.0,1.2,3.6687592387969046,13.207533259668857,3.055554224210084,0.8499344427799744,180.0,1073.6247280164334,21881.09541435044,0.00393343320154061,194.23800000000003,4.42011069851993,0.0,5240.322580645161,5041.664469946641
平路加速,0.1,180.0,0.0,800.0,1.3,3.9742637739185502,14.307349586106781,3.0550453512164566,0.8499234645439804,180.0,1163.0274939322815,23712.989747095773,0.004592127361182159,194.23800000000003,5.25975113800348,0.0,5240.322580645161,5040.824829507157
平路加速,0.1,180.0,0.0,800.0,1.4000000000000001,4.279713008973339,15.40696683230402,3.054492350547884,0.8499116383561373,180.0,1252.41407685127,25544.56574113803,0.005301698631769327,194.23800000000003,6.1722022411478425,0.0,5240.322580645161,5039.912378404013
平路加速,0.1,180.0,0.0,800.0,1.5000000000000002,4.585102534297443,16.506369123470794,3.0538952532410413,0.8498989643760688,180.0,1341.7831863305494,27375.796947743747,0.00606213743587332,194.23800000000003,7.157412797443856,0.0,5240.322580645161,5038.927167847717
平路加速,0.1,180.0,0.0,800.0,1.6000000000000003,4.890427943584993,17.605540596905975,3.0532540928755036,0.8498854427756348,180.0,1431.1335329099422,29206.65693755078,0.006873433461916397,194.23800000000003,8.215327400576891,0.0,5240.322580645161,5037.869253244584
平路加速,0.1,180.0,0.0,800.0,1.7000000000000004,5.195684834141968,18.704465402911087,3.052568905569748,0.8498710737389209,180.0,1520.4638281862406,31037.11930209169,0.007735575664752277,194.23800000000003,9.345886455085141,0.0,5240.322580645161,5036.738694190076
平路加速,0.1,180.0,0.0,800.0,1.8000000000000005,5.500868807139643,19.803127705702714,3.0518397299767486,0.8498558574622286,180.0,1609.7727848873756,32867.15765531479,0.008648552266288799,194.23800000000003,10.549026183530005,0.0,5240.322580645161,5035.53555446163
平路加速,0.1,180.0,0.0,800.0,1.9000000000000006,5.805975467867581,20.901511684323292,3.0510666072793846,0.8498397941540642,180.0,1699.0591169464549,34696.7456351023,0.009612350756152752,194.23800000000003,11.824678634177003,0.0,5240.322580645161,5034.259902010984
平路加速,0.1,180.0,0.0,800.0,2.0000000000000004,6.111000425986125,21.999601533550052,3.05024958118544,0.8498228840351267,180.0,1788.321539575648,36525.856904785825,0.010626957892396803,194.23800000000003,13.172771689185717,0.0,5240.322580645161,5032.911808955975
平路加速,0.1,180.0,0.0,800.0,2.1000000000000005,6.415939295778359,23.097381464802094,3.0493886979223372,0.8498051273382958,180.0,1877.5587693399225,38354.4651546586,0.01169235970224843,194.23800000000003,14.59322907330698,0.0,5240.322580645161,5031.491351571854
平路加速,0.1,180.0,0.0,800.0,2.2000000000000006,6.720787696401515,24.194835707045453,3.0484840062315577,0.8497865243086183,180.0,1966.769524230617,40182.54410348454,0.01280854148290078,194.23800000000003,16.085970363085547,0.0,5240.322580645161,5029.998610282075
平路加速,0.1,180.0,0.0,800.0,2.3000000000000007,7.025541252137793,25.291948507696056,3.0475355573627816,0.8497670752032943,180.0,2055.952523738837,42010.06750000388,0.013975487802345333,194.23800000000003,17.650910996566353,0.0,5240.322580645161,5028.433669648594
平路加速,0.1,180.0,0.0,800.0,2.400000000000001,7.33019559264456,26.388704133520417,3.04654340506767,0.8497467802916626,180.0,2145.106488928677,43837.009124435186,0.01519318250024631,194.23800000000003,19.287962283502306,0.0,5240.322580645161,5026.796618361658
平路加速,0.1,180.0,0.0,800.0,2.500000000000001,7.6347463532039,27.48508687153404,3.0455076055933983,0.8497256398551858,180.0,2234.2301425102473,45663.34278997347,0.016461608688856683,194.23800000000003,20.997031416061517,0.0,5240.322580645161,5025.087549229099
平路加速,0.1,180.0,0.0,800.0,2.600000000000001,7.939189174971483,28.58108102989734,3.0444282176758364,0.8497036541874338,180.0,2323.3222089125015,47489.04234428454,0.017780748753975697,194.23800000000003,22.778021480031764,0.0,5240.322580645161,5023.306559165129
平路加速,0.1,180.0,0.0,800.0,2.700000000000001,8.243519705224735,29.676670938809046,3.043305302532513,0.8496808235940676,180.0,2412.381414355863,49314.08167099497,0.01915058435594778,194.23800000000003,24.630831466519798,0.0,5240.322580645161,5021.4537491786405
平路加速,0.1,180.0,0.0,800.0,2.800000000000001,8.54773359761025,30.7718409513969,3.0421389238551555,0.8496571483928217,180.0,2501.406486924627,51138.43469117781,0.02057109643070272,194.23800000000003,26.555356284143198,0.0,5240.322580645161,5019.529224361017
平路加速,0.1,180.0,0.0,800.0,2.9000000000000012,8.85182651239046,31.866575444605655,3.040929147802096,0.8496326289134861,180.0,2590.3961566391463,52962.07536483383,0.022042265190836994,194.23800000000003,28.55148677171206,0.0,5240.322580645161,5017.533093873449
平路加速,0.1,180.0,0.0,800.0,3.0000000000000013,9.155794116689476,32.960858820082116,3.0396760429901626,0.8496072654978878,180.0,2679.349155527773,54784.977692367975,0.023564070126736104,194.23800000000003,30.61910971139811,0.0,5240.322580645161,5015.465470933763
平路加速,0.1,180.0,0.0,800.0,3.1000000000000014,9.459632084738129,34.05467550505726,3.038379680486525,0.8495810584998711,180.0,2768.264217698566,56607.11571606101,0.025136490007737797,194.23800000000003,32.758107842388284,0.0,5240.322580645161,5013.3264728027725
平路加速,0.1,180.0,0.0,800.0,3.2000000000000015,9.763336098118137,35.14800995322529,3.0370401338000796,0.8495540082852778,180.0,2857.1400794107503,58428.46352153613,0.026759502883336023,194.23800000000003,34.96835987502016,0.0,5240.322580645161,5011.116220770141
平路加速,0.1,180.0,0.0,800.0,3.3000000000000016,10.066901846005395,36.24084664561942,3.0356574788725865,0.8495261152319263,180.0,2945.9754791459045,60248.99523922026,0.028433086084425477,194.23800000000003,37.24974050539624,0.0,5240.322580645161,5008.834840139764
平路加速,0.1,180.0,0.0,800.0,3.4000000000000017,10.370325025412345,37.33317009148445,3.034231794069502,0.8494973797295903,180.0,3034.7691576788948,62068.68504580003,0.03015721622458659,194.23800000000003,39.602120430473924,0.0,5240.322580645161,5006.482460214686
平路加速,0.1,180.0,0.0,800.0,3.5000000000000018,10.673601341429407,38.424964829145864,3.0327631601706173,0.8494678021799765,180.0,3123.519858148522,63887.50716567215,0.03193186920141081,194.23800000000003,42.02536636362833,0.0,5240.322580645161,5004.059214281532
平路加速,0.1,180.0,0.0,800.0,3.600000000000002,10.976726507465436,39.51621542687557,3.03125166036029,0.8494373829967022,180.0,3212.226326127896,65705.43587238812,0.03375702019786604,194.23800000000003,44.51934105068454,0.0,5240.322580645161,5001.565239594476
平路加速,0.1,180.0,0.0,800.0,3.700000000000002,11.279696245487179,40.606906483753846,3.0296973802174243,0.8494061226052716,180.0,3300.887309694501,67522.44549009288,0.035632643683701955,194.23800000000003,47.08390328641606,0.0,5240.322580645161,4999.000677358745
平路加速,0.1,180.0,0.0,800.0,3.800000000000002,11.582506286257702,41.69702263052773,3.0281004077052387,0.8493740214430517,180.0,3389.5015594999772,69338.51039495748,0.03755871341689522,194.23800000000003,49.71890793150605,0.0,5240.322580645161,4996.365672713655
平路加速,0.1,180.0,0.0,800.0,3.900000000000002,11.885152369573774,42.78654853046559,3.0264608331607157,0.8493410799592478,180.0,3478.0678288395834,71153.60501660558,0.03953520244513426,194.23800000000003,52.424205929967876,0.0,5240.322580645161,4993.660374715193
平路加速,0.1,180.0,0.0,800.0,4.000000000000002,12.187630244502145,43.87546888020773,3.024778749283712,0.8493072986148776,180.0,3566.584873721345,72967.70383953335,0.04156208310734352,194.23800000000003,55.19964432702138,0.0,5240.322580645161,4990.884936318139
平路加速,0.1,180.0,0.0,800.0,4.100000000000001,12.489935669614736,44.96376841061305,3.0230542511259095,0.849272677882746,180.0,3655.0514529348748,74780.78140452292,0.043639327035246936,194.23800000000003,58.04506628742128,0.0,5240.322580645161,4988.03951435774
平路加速,0.1,180.0,0.0,800.0,4.200000000000001,12.792064413222672,46.05143188760162,3.0212874360793585,0.8492372182474173,180.0,3743.4663281198677,76592.81231004902,0.04576690515497052,194.23800000000003,60.96031111423378,0.0,5240.322580645161,4985.1242695309265
平路加速,0.1,180.0,0.0,800.0,4.300000000000001,13.094012253609163,47.138444112992985,3.0194784038649125,0.8492009202051887,180.0,3831.8282638342444,78403.77121367889,0.04794478768868382,194.23800000000003,63.94521426805762,0.0,5240.322580645161,4982.139366377103
平路加速,0.1,180.0,0.0,800.0,4.4,13.395774979261192,48.224789925340296,3.017627256520292,0.849163784264062,180.0,3920.136027621955,80213.63283346478,0.05017294415628006,194.23800000000003,66.9996073866858,0.0,5240.322580645161,4979.084973258475
平路加速,0.1,180.0,0.0,800.0,4.5,13.697348389099977,49.31045420075992,3.0157340983878456,0.8491258109437151,180.0,4008.3883900804212,82022.3719493296,0.05245134337709477,194.23800000000003,70.12331830520371,0.0,5240.322580645161,4975.961262339957
平路加速,0.1,180.0,0.0,800.0,4.6,13.998728292710197,50.39542185375671,3.0137990361022027,0.8490870007754723,180.0,4096.58412492762,83829.96340444495,0.05477995347166269,194.23800000000003,73.3161710765197,0.0,5240.322580645161,4972.768409568641
平路加速,0.1,180.0,0.0,800.0,4.699999999999999,14.299910510567944,51.4796778380446,3.011822178577468,0.8490473543022747,180.0,4184.722009068784,85636.38210660174,0.05715874186351273,194.23800000000003,76.57798599232392,0.0,5240.322580645161,4969.506594652837
平路加速,0.1,180.0,0.0,800.0,4.799999999999999,14.60089087426738,52.56320714736257,3.0098036369943593,0.8490068720786499,180.0,4272.80082266274,87441.60302957294,0.05958767528100087,194.23800000000003,79.90857960447106,0.0,5240.322580645161,4966.17600104069
平路加速,0.1,180.0,0.0,800.0,4.899999999999999,14.899534272731293,53.638323381832656,2.9864339846391275,0.8489658323487943,178.79226262763643,4360.195747371636,88645.81648814272,0.06205005907233817,194.23800000000003,83.30776474678291,0.0,5205.161839401351,4927.616074654568
平路加速,0.1,180.0,0.0,800.0,4.999999999999998,15.191645911671237,54.68992528201645,2.9211163893994474,0.8489248096953969,175.2085849130993,4445.679219710414,88608.93133854397,0.06451141827618662,194.23800000000003,86.75053439647166,0.0,5100.830576905551,4819.84204250908
平路加速,0.1,180.0,0.0,800.0,5.099999999999998,15.47760507083394,55.719378255002184,2.8595915916270265,0.8488838027821893,171.83959730024335,4529.3622320032955,88574.93252835017,0.06697183306864078,194.23800000000003,90.18544037894983,0.0,5002.749566563536,4718.3261261845855
平路加速,0.1,180.0,0.0,800.0,5.1999999999999975,15.757754756167586,56.72791712220331,2.801496853336456,0.8488428104245964,168.66474521363517,4611.345161419744,88543.4924006584,0.06943137452421462,194.23800000000003,93.61259700470951,0.0,4910.320405009863,4622.469808005153
平路加速,0.1,180.0,0.0,800.0,5.299999999999997,16.032406394494963,57.71666302018187,2.7465163832737716,0.8488018315675611,165.6661343055687,4691.719143822359,88514.33119639318,0.07189010594633666,194.23800000000003,97.03210342974418,0.0,4823.022135831476,4531.752032401731
平路加速,0.1,180.0,0.0,800.0,5.399999999999997,16.301843773406596,58.68663758426374,2.6943737891163266,0.8487608652672848,162.82810275354848,4770.567226736169,88487.20859674115,0.0743480839629128,194.23800000000003,100.4440458637834,0.0,4740.398797905726,4445.716752041942
平路加速,0.1,180.0,0.0,800.0,5.4999999999999964,16.56632636978973,59.638774931243034,2.6448259638313587,0.8487199106760817,160.13687482688664,4847.965343408453,88461.91699876139,0.07680535943510061,194.23800000000003,103.84849939646634,0.0,4662.049339718232,4363.962840321765
平路加速,0.1,180.0,0.0,800.0,5.599999999999996,16.82609217924108,60.573931845267886,2.597658094513484,0.8486789670297283,157.58027806031978,4923.983140807343,88438.27612306649,0.07926197821629691,194.23800000000003,107.2455295185299,0.0,4587.619385465761,4286.135855947231
平路加速,0.1,180.0,0.0,800.0,5.699999999999996,17.081360135013743,61.492896486049474,2.552679557726627,0.8486380336368324,155.14751066264623,4998.684687501808,88416.12865525189,0.0817179817900539,194.23800000000003,110.63519339745281,0.0,4516.794463646394,4211.921270248941
平路加速,0.1,180.0,0.0,800.0,5.799999999999995,17.332332187101628,62.39639587356586,2.509720520878851,0.8485971098698432,152.8289489335431,5072.129082084361,88395.3366968035,0.08417340780940956,194.23800000000003,114.01754095384241,0.0,4449.294400403956,4141.038859450114
平路加速,0.1,180.0,0.0,800.0,5.899999999999995,17.579195098131784,63.285102353274425,2.4686291103015634,0.8485561951574102,150.61598679329344,5144.370978720513,88375.77885519105,0.0866282905553871,194.23800000000003,117.39261577493438,0.0,4384.868647772495,4073.2380319975605
平路加速,0.1,180.0,0.0,800.0,5.999999999999995,17.82212200188428,64.15963920678341,2.429269037524975,0.8485152889778534,148.5009012765838,5215.461043233627,88357.3478426367,0.08908266132879367,194.23800000000003,120.76045589402152,0.0,4323.292367810221,4008.293911916199
平路加速,0.1,180.0,0.0,800.0,6.099999999999994,18.0612737617392,65.02058554226113,2.3915175985492,0.8484743908535559,146.47673916234385,5285.446350640467,88339.94848266234,0.0915365487866454,194.23800000000003,124.12109445882243,0.0,4264.36313206501,3946.004037606188
平路加速,0.1,180.0,0.0,800.0,6.199999999999994,18.29680015960898,65.86848057459234,2.355263978697799,0.8484335003461273,144.53722091957783,5354.370733080062,88323.49604577894,0.09398997923236148,194.23800000000003,127.47456030730048,0.0,4207.8981251586765,3886.185564851376
平路加速,0.1,180.0,0.0,800.0,6.299999999999994,18.528840940542068,66.70382738595144,2.3204078093308667,0.848392617052214,142.67665892489384,5422.275085506224,88307.91485255896,0.09644297686715478,194.23800000000003,130.82087846592276,0.0,4153.731763861828,3828.6728853959053
平路加速,0.1,180.0,0.0,800.0,6.399999999999993,18.757526733873494,67.52709624194458,2.286857933314259,0.8483517405998551,140.88988750923465,5489.197635252822,88293.13709524111,0.09889556400868925,194.23800000000003,134.160070582579,0.0,4101.713660551106,3773.315589968527
平路加速,0.1,180.0,0.0,800.0,6.499999999999993,18.9829798683177,68.33872752594372,2.25453134444205,0.8483108706453,139.17220286165048,5555.174180562316,88279.10183896443,0.10134776128199381,194.23800000000003,137.49215530418002,0.0,4051.7068736335336,3719.976718329354
平路加速,0.1,180.0,0.0,800.0,6.5999999999999925,19.20531509557181,69.13913434405852,2.2233522725410992,0.8482700068702206,137.51931118814502,5620.238302340839,88265.75417145166,0.10379958778675635,194.23800000000003,140.8171486072002,0.0,4003.586398300029,3668.531249692829
平路加速,0.1,180.0,0.0,800.0,6.699999999999992,19.424640234688244,69.92870484487769,2.1932513911643525,0.8482291489792595,135.92728381693595,5684.421552727221,88253.04447600324,0.10625106124442311,194.23800000000003,144.13506408801555,0.0,3957.2378595091836,3618.8647954211683
平路加速,0.1,180.0,0.0,800.0,6.799999999999992,19.641056747578663,70.70780429128318,2.1641651289041874,0.8481882966978672,134.3925181753242,5747.753623508304,88240.92780741518,0.10870219812796242,194.23800000000003,147.44591321874853,0.0,3912.556375910648,3570.8724626918997
平路加速,0.1,180.0,0.0,800.0,6.8999999999999915,19.85466025444561,71.4767769160042,2.1360350686694574,0.8481474497703885,132.91170375093478,5810.262496954736,88229.36335420088,0.11115301377669022,194.23800000000003,150.74970557340131,0.0,3869.4455688780204,3524.4578633046194
平路加速,0.1,180.0,0.0,800.0,6.999999999999991,20.06554099663939,72.2359475879018,2.1088074219377972,0.8481066079583637,131.48179230137958,5871.974581271272,88218.31397349595,0.11360352249817622,194.23800000000003,154.04644902830034,0.0,3827.816695225648,3479.532246197348
平路加速,0.1,180.0,0.0,800.0,7.099999999999991,20.27378425335546,72.98562331207965,2.0824325671607014,0.8480657710390176,130.099971699078,5932.914832538989,88207.7457874302,0.11605373765893817,194.23800000000003,157.33614994025132,0.0,3787.587885755416,3436.013735815165
平路加速,0.1,180.0,0.0,800.0,7.19999999999999,20.479470717681853,73.72609458365467,2.0568646432639426,0.8480249388039103,128.76364289796626,5993.106864761715,88197.62783168645,0.11850367176537391,194.23800000000003,160.61881330528797,0.0,3748.683474690792,3393.8266613855044
平路加速,0.1,180.0,0.0,800.0,7.29999999999999,20.682676836744836,74.4576366122814,2.0320611906298325,0.8479841110577304,127.47039959072579,6052.573049406149,88187.93174853483,0.12095333653616654,194.23800000000003,163.89444290047072,0.0,3711.033407439678,3352.900964539207
平路加速,0.1,180.0,0.0,800.0,7.39999999999999,20.883475120058698,75.18051043221132,2.0079828331386196,0.8479432876172128,126.21801019254981,6111.334605637272,88178.63151790775,0.12340274296721954,194.23800000000003,167.1630414108346,0.0,3674.572716089555,3313.1716746787206
平路加速,0.1,180.0,0.0,800.0,7.499999999999989,21.081934419641517,75.89496391070946,1.9845929958281872,0.847902468310166,125.00440184316105,6169.41168229134,88169.70322112265,0.1258519013900285,194.23800000000003,170.424610543288,0.0,3639.2410536597686,3274.5784431164807
平路加速,0.1,180.0,0.0,800.0,7.599999999999989,21.278120184996215,76.60123266598637,1.9618576535469856,0.8478616529745954,123.82764616501753,6226.82343249349,88161.12483271751,0.12830082152427066,194.23800000000003,173.67915112901304,0.0,3604.9822794815586,3237.065128352546
平路加速,0.1,180.0,0.0,800.0,7.699999999999989,21.472094695661795,77.29954090438247,1.9397451066557991,0.8478208414579118,122.68594655416163,6283.588081711449,88152.87603657025,0.1307495125252865,194.23800000000003,176.92666321570647,0.0,3571.7440891977703,3200.579425982064
平路加速,0.1,180.0,0.0,800.0,7.799999999999988,21.663917273701887,77.99010218532679,1.918225780400924,0.8477800336162159,121.57762681239024,6339.722989938146,88144.93806305733,0.13319798302703809,194.23800000000003,180.1671461508224,0.0,3539.477683812329,3165.072537661507
平路加速,0.1,180.0,0.0,800.0,7.899999999999988,21.853644478207965,78.67312012154868,1.8972720450607738,0.847739229313649,120.5011209564775,6395.244708611064,88137.29354449465,0.1356462411810518,194.23800000000003,183.40059865682403,0.0,3508.1374730071266,3130.4988743503027
平路加速,0.1,180.0,0.0,800.0,7.999999999999988,22.041330283644836,79.3487890211214,1.8768580543687108,0.8476984284218033,119.45496406298,6450.1690328032355,88129.92638650794,0.13809429469178813,194.23800000000003,186.62701889932416,0.0,3477.6808086077235,3096.8157897083997
平路加速,0.1,180.0,0.0,800.0,8.099999999999987,22.22702624365038,80.01729447714136,1.8569596000554256,0.847657630819186,118.43778402642707,6504.51104915754,88122.82165332099,0.14054215084882482,194.23800000000003,189.84640454888176,0.0,3448.067744640336,3063.9833400914545
平路加速,0.1,180.0,0.0,800.0,8.199999999999987,22.410781641714713,80.67881391017298,1.8375539806433494,0.8476168363907298,117.44829412505084,6558.285179981416,88115.96546523456,0.14298981655619245,194.23800000000003,193.05875283712768,0.0,3419.260820898657,3031.96406806153
平路加速,0.1,180.0,0.0,800.0,8.299999999999986,22.592643630001756,81.33351706800633,1.8186198828704292,0.8475760450273471,116.4852863021218,6611.505223871576,88109.34490680986,0.1454372983591594,194.23800000000003,196.26406060781002,0.0,3391.22486734403,3000.7228067362203
平路加速,0.1,180.0,0.0,800.0,8.399999999999986,22.772657357434785,81.98156648676523,1.8001372743302824,0.8475352566255209,115.54762508283193,6664.1843931969215,88102.94794447465,0.14788460246872814,194.23800000000003,199.46232436328,0.0,3363.9268270082516,2970.226502644972
平路加速,0.1,180.0,0.0,800.0,8.499999999999986,22.95086608804432,82.62311791695956,1.7820873060953701,0.8474944710869318,114.63424205683195,6716.335348731841,88096.76335244157,0.15033173478407375,194.23800000000003,202.6535403068775,0.0,3337.3355953642204,2940.444055057343
平路加速,0.1,180.0,0.0,800.0,8.599999999999985,23.127311310468688,83.25832071768728,1.7644522242436622,0.8474536883181142,113.74413086525576,6767.970231700418,88090.78064597625,0.15277870091312865,194.23800000000003,205.83770438162205,0.0,3311.4218743836554,2911.3461700020334
平路加速,0.1,180.0,0.0,800.0,8.699999999999985,23.302032839402884,83.88731822185038,1.747215289341959,0.8474129082301414,112.8763426385758,6819.100693464408,88084.99002117803,0.1552255061914947,194.23800000000003,209.01481230556962,0.0,3286.1580397198277,2882.905227414258
平路加速,0.1,180.0,0.0,800.0,8.799999999999985,23.475068909708202,84.51024807494953,1.7303607030531865,0.8473721307383356,112.02998183811538,6869.7379230634515,88079.38230054278,0.1576721556998431,194.23800000000003,212.18485960415575,0.0,3261.518019641907,2855.095160037751
平路加速,0.1,180.0,0.0,800.0,8.899999999999984,23.646456263821598,85.12724254975775,1.7138735411339567,0.8473313557620006,111.20420245965204,6919.892672794535,88073.94888367037,0.16011865427994507,194.23800000000003,215.34784163980856,0.0,3237.477184510837,2827.891342871029
平路加速,0.1,180.0,0.0,800.0,8.999999999999984,23.81623023303912,85.73842883894083,1.697739692175233,0.8472905832241753,110.39820456241063,6969.57528199873,88068.68170255776,0.16256500654946057,194.23800000000003,218.50375363908637,0.0,3214.012245728245,2801.270492089159
平路加速,0.1,180.0,0.0,800.0,9.099999999999984,23.984424813190362,86.3439293274853,1.6819458015124056,0.8472498130514063,109.6112310909732,7018.795699206575,88063.57318098785,0.1650112169155991,194.23800000000003,221.65259071756708,0.0,3191.1011632130103,2775.2105724954436
平路加速,0.1,180.0,0.0,800.0,9.199999999999983,24.15107273517004,86.94386184661215,1.666479219796777,0.8472090451735371,108.84256496131609,7067.563502778391,88058.61619758159,0.16745728958775416,194.23800000000003,224.79434790269198,0.0,3168.7230605673476,2749.6907126646556
平路加速,0.1,180.0,0.0,800.0,9.299999999999983,24.316205530747812,87.53833991069213,1.6513279557777238,0.847168279523513,108.09152638540527,7115.887920162868,88053.80405213492,0.16990322858920234,194.23800000000003,227.9290201547458,0.0,3146.858147188008,2724.691127033262
平路加速,0.1,180.0,0.0,800.0,9.399999999999983,24.47985359403714,88.12747293853371,1.6364806328932957,0.8471275160372006,107.35747041159307,7163.777845885287,88049.13043490313,0.17234903776794966,194.23800000000003,231.05660238613802,0.0,3125.4876466600886,2700.193044273951
平路加速,0.1,180.0,0.0,800.0,9.499999999999982,24.64204623896828,88.71136646028582,1.6219264493113883,0.8470867546532198,106.63978466053211,7211.241858366402,88044.58939853664,0.1747947208067979,194.23800000000003,234.1770894791311,0.0,3104.5937308429106,2676.1786413637797
平路加速,0.1,180.0,0.0,800.0,9.599999999999982,24.802811753078487,89.29012231108256,1.6076551411020645,0.8470459953127881,105.93788723848981,7258.288235663593,88040.17533240466,0.17724028123269803,194.23800000000003,237.2904763021495,0.0,3084.15945912055,2652.6309828184003
平路加速,0.1,180.0,0.0,800.0,9.699999999999982,24.96217744790397,89.86383881245429,1.593656948254818,0.8470052379595756,105.25122481185865,7304.924970217552,88035.88293907268,0.17968572242545006,194.23800000000003,240.3967577247883,0.0,3064.1687223452395,2629.5339646204516
平路加速,0.1,180.0,0.0,800.0,9.799999999999981,25.12016970623241,90.43261094243668,1.5799225832844144,0.8469644825395697,104.57927082834173,7351.159782680253,88031.70721272589,0.18213104762580357,194.23800000000003,243.49592863163076,0.0,3044.6061910509166,2606.872262419286
平路加速,0.1,180.0,0.0,800.0,9.89999999999998,25.276814026451962,90.99653049522706,1.5664432021955221,0.8469237290009496,103.92152387178308,7397.000134893222,88027.64341935347,0.18457625994300783,194.23800000000003,246.58798393497165,0.0,3025.4572675575555,2584.631283622584
平路加速,0.1,180.0,0.0,800.0,9.99999999999998,25.432135064211888,91.5556862311628,1.5532103775992567,0.8468829772939688,103.27750613892958,7442.453242079105,88023.68707852766,0.18702136236185582,194.23800000000003,249.67291858653616,0.0,3006.7080416252884,2562.7971230387525
平路匀速,0.1,12.0,0.0,800.0,10.09999999999998,25.426217858825307,91.5343842917711,-0.05917205386580804,0.8468779011191652,12.0,7440.721632668324,10964.53757578233,0.18732593285007199,194.23800000000003,252.75072758827454,0.0,349.35483870967744,-97.63388887859713
平路匀速,0.1,12.0,0.0,800.0,10.19999999999998,25.42030778068495,91.51310801046583,-0.059100781403564895,0.8468728260387124,12.0,7438.992108972985,10962.173777882486,0.1876304376772354,194.23800000000003,252.63312802555282,0.0,349.35483870967744,-97.51628931587541
平路匀速,0.1,12.0,0.0,800.0,10.29999999999998,25.414404819550615,91.49185735038222,-0.05902961134335527,0.8468677520512926,12.0,7437.264667996395,10959.812826835298,0.18793487692242525,194.23800000000003,252.5156974261934,0.0,349.35483870967744,-97.398858716516
平路匀速,0.1,12.0,0.0,800.0,10.399999999999979,25.40850896520041,91.47063227472148,-0.058958543502036775,0.8468626791555895,12.0,7435.539306747222,10957.45471855122,0.18823925066460723,194.23800000000003,252.39843548803637,0.0,349.35483870967744,-97.28159677835896
平路匀速,0.1,12.0,0.0,800.0,10.499999999999979,25.40262020743072,91.44943274675059,-0.05888757769692887,0.8468576073502891,12.0,7433.816022239483,10955.099448948014,0.18854355898263356,194.23800000000003,252.2813419095931,0.0,349.35483870967744,-97.16450319991569
平路匀速,0.1,12.0,0.0,800.0,10.599999999999978,25.39673853605615,91.42825872980215,-0.05881671374567077,0.846852536634079,12.0,7432.094811492531,10952.747013950742,0.1888478019552433,194.23800000000003,252.16441639004464,0.0,349.35483870967744,-97.04757768036723
平路匀速,0.1,12.0,0.0,800.0,10.699999999999978,25.39086394090951,91.40711018727424,-0.05874595146639905,0.8468474670056487,12.0,7430.375671531036,10950.397409491736,0.18915197966106254,194.23800000000003,252.04765862924017,0.0,349.35483870967744,-96.93081991956277
平路匀速,0.1,12.0,0.0,800.0,10.799999999999978,25.384996411841755,91.38598708263032,-0.05867529067757005,0.8468423984636897,12.0,7428.658599384987,10948.050631510594,0.18945609217860448,194.23800000000003,251.93106832769476,0.0,349.35483870967744,-96.81422961801735
平路匀速,0.1,12.0,0.0,800.0,10.899999999999977,25.37913593872194,91.36488937939899,-0.05860473119813747,0.8468373310068953,12.0,7426.943592089668,10945.706675954176,0.1897601395862699,194.23800000000003,251.814645186588,0.0,349.35483870967744,-96.69780647691059
平路匀速,0.1,12.0,0.0,800.0,10.999999999999977,25.373282511437207,91.34381704117395,-0.05853427284733925,0.8468322646339607,12.0,7425.230646685652,10943.365538776548,0.190064121962347,194.23800000000003,251.6983889077618,0.0,349.35483870967744,-96.58155019808439
平路匀速,0.1,12.0,0.0,800.0,11.099999999999977,25.36743611989272,91.32277003161379,-0.05846391544487517,0.8468271993435829,12.0,7423.51976021879,10941.027215939012,0.19036803938501198,194.23800000000003,251.58229919371908,0.0,349.35483870967744,-96.46546048404167
平路匀速,0.1,12.0,0.0,800.0,11.199999999999976,25.361596754011632,91.30174831444188,-0.05839365881087133,0.8468221351344609,12.0,7421.810929740199,10938.691703410055,0.19067189193232892,194.23800000000003,251.4663757476218,0.0,349.35483870967744,-96.3495370379444
平路匀速,0.1,12.0,0.0,800.0,11.299999999999976,25.35576440373505,91.28075185344619,-0.05832350276580911,0.8468170720052955,12.0,7420.104152306245,10936.358997165358,0.19097567968225018,194.23800000000003,251.3506182732891,0.0,349.35483870967744,-96.23377956361168
平路匀速,0.1,12.0,0.0,800.0,11.399999999999975,25.349939059021988,91.25978061247916,-0.05825344713063174,0.8468120099547894,12.0,7418.3994249785355,10934.029093187768,0.1912794027126165,194.23800000000003,251.23502647519558,0.0,349.35483870967744,-96.11818776551817
平路匀速,0.1,12.0,0.0,800.0,11.499999999999975,25.344120709849335,91.23883455545761,-0.058183491726531145,0.8468069489816471,12.0,7416.696744823911,10931.701987467271,0.19158306110115728,194.23800000000003,251.1196000584697,0.0,349.35483870967744,-96.00276134879229
平路匀速,0.1,12.0,0.0,800.0,11.599999999999975,25.33830934621181,91.21791364636252,-0.058113636375267674,0.8468018890845749,12.0,7414.996108914428,10929.377676000999,0.19188665492549065,194.23800000000003,251.0043387288919,0.0,349.35483870967744,-95.88750001921449
平路匀速,0.1,12.0,0.0,800.0,11.699999999999974,25.332504958121916,91.1970178492389,-0.05804388089892143,0.846796830262281,12.0,7413.297514327351,10927.056154793205,0.1921901842631238,194.23800000000003,250.889242192893,0.0,349.35483870967744,-95.77240348321558
平路匀速,0.1,12.0,0.0,800.0,11.799999999999974,25.326707535609923,91.17614712819572,-0.05797422511992778,0.8467917725134756,12.0,7411.600958145136,10924.73741985524,0.1924936491914531,194.23800000000003,250.77431015755218,0.0,349.35483870967744,-95.65747144787477
平路匀速,0.1,12.0,0.0,800.0,11.899999999999974,25.32091706872381,91.15530144740572,-0.05790466886114842,0.8467867158368704,12.0,7409.906437455429,10922.42146720555,0.19279704978776435,194.23800000000003,250.65954233059563,0.0,349.35483870967744,-95.54270362091822
平路匀速,0.1,12.0,0.0,800.0,11.999999999999973,25.315133547529218,91.13448077110519,-0.057835211945906906,0.8467816602311792,12.0,7408.213949351044,10920.108292869645,0.19310038612923294,194.23800000000003,250.54493842039454,0.0,349.35483870967744,-95.42809971071713
平路匀速,0.1,12.0,0.0,800.0,12.099999999999973,25.309356962109444,91.113685063594,-0.05776585419773994,0.8467766056951177,12.0,7406.523490929956,10917.797892880099,0.19340365829292405,194.23800000000003,250.43049813596346,0.0,349.35483870967744,-95.31365942628605
平路匀速,0.1,12.0,0.0,800.0,12.199999999999973,25.303587302565365,91.09291428923531,-0.0576965954407882,0.8467715522274032,12.0,7404.835059295289,10915.490263276522,0.19370686635579284,194.23800000000003,250.31622118695887,0.0,349.35483870967744,-95.19938247728146
平路匀速,0.1,12.0,0.0,800.0,12.299999999999972,25.297824559015424,91.07216841245553,-0.05762743549940552,0.846766499826755,12.0,7403.148651555309,10913.185400105556,0.19401001039468466,194.23800000000003,250.20210728367678,0.0,349.35483870967744,-95.08526857399937
平路匀速,0.1,12.0,0.0,800.0,12.399999999999972,25.292068721595584,91.0514473977441,-0.05755837419840759,0.8467614484918942,12.0,7401.464264823404,10910.883299420855,0.19431309048633524,194.23800000000003,250.08815613705187,0.0,349.35483870967744,-94.97131742737446
平路匀速,0.1,12.0,0.0,800.0,12.499999999999972,25.286319780459284,91.03075120965342,-0.0574894113630009,0.8467563982215436,12.0,7399.781896218079,10908.583957283055,0.1946161067073709,194.23800000000003,249.97436745865522,0.0,349.35483870967744,-94.85752874897781
平路匀速,0.1,12.0,0.0,800.0,12.599999999999971,25.280577725777405,91.01007981279866,-0.057420546818782725,0.846751349014428,12.0,7398.101542862947,10906.287369759784,0.19491905913430865,194.23800000000003,249.86074096069288,0.0,349.35483870967744,-94.74390225101547
平路匀速,0.1,12.0,0.0,800.0,12.69999999999997,25.274842547738235,90.98943317185764,-0.05735178039170563,0.8467463008692738,12.0,7396.423201886709,10903.993532925635,0.1952219478435566,194.23800000000003,249.7472763560039,0.0,349.35483870967744,-94.6304376463265
平路匀速,0.1,12.0,0.0,800.0,12.79999999999997,25.269114236547424,90.96881125157073,-0.05728311190811297,0.8467412537848096,12.0,7394.746870423146,10901.70244286214,0.19552477291141387,194.23800000000003,249.63397335805908,0.0,349.35483870967744,-94.51713464838167
平路匀速,0.1,12.0,0.0,800.0,12.89999999999997,25.263392782427953,90.94821401674064,-0.05721454119470337,0.8467362077597653,12.0,7393.072545611119,10899.414095657772,0.19582753441407103,194.23800000000003,249.5208316809589,0.0,349.35483870967744,-94.4039929712815
平路匀速,0.1,12.0,0.0,800.0,12.99999999999997,25.25767817562009,90.92764143223232,-0.05714606807863731,0.846731162792873,12.0,7391.400224594538,10897.12848740792,0.19613023242761013,194.23800000000003,249.4078510394322,0.0,349.35483870967744,-94.29101232975478
平路匀速,0.1,12.0,0.0,800.0,13.09999999999997,25.251970406381353,90.90709346297288,-0.05707769238735949,0.8467261188828664,12.0,7389.729904522369,10894.845614214873,0.196432867028005,194.23800000000003,249.29503114883417,0.0,349.35483870967744,-94.17819243915676
平路匀速,0.1,12.0,0.0,800.0,13.199999999999969,25.246269464986476,90.88657007395132,-0.057009413948776455,0.8467210760284811,12.0,7388.061582548612,10892.565472187818,0.19673543829112133,194.23800000000003,249.182371725145,0.0,349.35483870967744,-94.0655330154676
平路匀速,0.1,12.0,0.0,800.0,13.299999999999969,25.240575341727368,90.86607123021852,-0.05694123259107897,0.8467160342284545,12.0,7386.395255832291,10890.288057442809,0.19703794629271698,194.23800000000003,249.06987248496785,0.0,349.35483870967744,-93.95303377529044
平路匀速,0.1,12.0,0.0,800.0,13.399999999999968,25.234888026913072,90.84559689688706,-0.05687314814295519,0.8467109934815258,12.0,7384.730921537451,10888.013366102752,0.19734039110844206,194.23800000000003,248.95753314552772,0.0,349.35483870967744,-93.84069443585031
平路匀速,0.1,12.0,0.0,800.0,13.499999999999968,25.22920751086974,90.82514703913105,-0.05680516043334194,0.8467059537864359,12.0,7383.068576833136,10885.741394297407,0.1976427728138392,194.23800000000003,248.84535342466933,0.0,349.35483870967744,-93.72851471499192
平路匀速,0.1,12.0,0.0,800.0,13.599999999999968,25.223533783940574,90.80472162218607,-0.056737269291637915,0.8467009151419275,12.0,7381.408218893388,10883.472138163352,0.19794509148434375,194.23800000000003,248.73333304085574,0.0,349.35483870967744,-93.61649433117833
平路匀速,0.1,12.0,0.0,800.0,13.699999999999967,25.21786683648582,90.78432061134895,-0.05666947454756155,0.8466958775467451,12.0,7379.7498448972265,10881.205593843984,0.19824734719528386,194.23800000000003,248.62147171316667,0.0,349.35483870967744,-93.50463300348926
平路匀速,0.1,12.0,0.0,800.0,13.799999999999967,25.21220665888269,90.76394397197768,-0.05660177603129313,0.8466908409996352,12.0,7378.093452028645,10878.9417574895,0.1985495400218808,194.23800000000003,248.50976916129682,0.0,349.35483870967744,-93.3929304516194
平路匀速,0.1,12.0,0.0,800.0,13.899999999999967,25.206553241525363,90.74359166949131,-0.056534173573261626,0.8466858054993457,12.0,7376.439037476598,10876.680625256868,0.19885167003924906,194.23800000000003,248.3982251055543,0.0,349.35483870967744,-93.2813863958769
平路匀速,0.1,12.0,0.0,800.0,13.999999999999966,25.200906574824927,90.72326366936974,-0.05646666700435787,0.8466807710446266,12.0,7374.786598434987,10874.42219330984,0.19915373732239655,194.23800000000003,248.28683926685895,0.0,349.35483870967744,-93.17000055718154
平路匀速,0.1,12.0,0.0,800.0,14.099999999999966,25.195266649209348,90.70295993715365,-0.05639925615579244,0.8466757376342294,12.0,7373.136132102659,10872.166457818912,0.19945574194622487,194.23800000000003,248.17561136674078,0.0,349.35483870967744,-93.05877265706337
平路匀速,0.1,12.0,0.0,800.0,14.199999999999966,25.189633455123428,90.68268043844434,-0.056331940859202234,0.8466707052669077,12.0,7371.4876356833765,10869.913414961318,0.19975768398552934,194.23800000000003,248.06454112733843,0.0,349.35483870967744,-92.94770241766102
平路匀速,0.1,12.0,0.0,800.0,14.299999999999965,25.184006983028777,90.6624251389036,-0.05626472094650836,0.8466656739414166,12.0,7369.841106385834,10867.663060921022,0.20005956351499937,194.23800000000003,247.95362827139735,0.0,349.35483870967744,-92.83678956171994
平路匀速,0.1,12.0,0.0,800.0,14.399999999999965,25.17838722340377,90.64219400425358,-0.05619759625005827,0.846660643656513,12.0,7368.196541423624,10865.415391888693,0.20036138060921851,194.23800000000003,247.84287252226846,0.0,349.35483870967744,-92.72603381259106
平路匀速,0.1,12.0,0.0,800.0,14.499999999999964,25.172774166743515,90.62198700027666,-0.056130566602554666,0.8466556144109555,12.0,7366.553938015235,10863.170404061693,0.20066313534266467,194.23800000000003,247.73227360390635,0.0,349.35483870967744,-92.61543489422894
平路匀速,0.1,12.0,0.0,800.0,14.599999999999964,25.167167803559806,90.6018040928153,-0.056063631837091066,0.8466505862035048,12.0,7364.913293384041,10860.928093644072,0.20096482778971034,194.23800000000003,247.62183124086783,0.0,349.35483870967744,-92.50499253119042
平路匀速,0.1,12.0,0.0,800.0,14.699999999999964,25.161568124381102,90.58164524777197,-0.0559967917870452,0.8466455590329228,12.0,7363.274604758295,10858.688456846532,0.20126645802462273,194.23800000000003,247.51154515831033,0.0,349.35483870967744,-92.39470644863292
平路匀速,0.1,12.0,0.0,800.0,14.799999999999963,25.155975119752476,90.56151043110891,-0.05593004628625664,0.8466405328979738,12.0,7361.637869371109,10856.451489886445,0.20156802612156402,194.23800000000003,247.4014150819901,0.0,349.35483870967744,-92.2845763723127
平路匀速,0.1,12.0,0.0,800.0,14.899999999999963,25.15038878023559,90.54139960884812,-0.055863395168849195,0.8466355077974234,12.0,7360.003084460451,10854.217188987797,0.20186953215459147,194.23800000000003,247.29144073826106,0.0,349.35483870967744,-92.17460202858365
平路匀速,0.1,12.0,0.0,800.0,14.999999999999963,25.144809096408657,90.52131274707116,-0.055796838269337456,0.8466304837300389,12.0,7358.370247269132,10851.985550381212,0.20217097619765761,194.23800000000003,247.18162185407283,0.0,349.35483870967744,-92.06478314439542
平路匀速,0.1,12.0,0.0,800.0,15.099999999999962,25.1392360588664,90.50124981191904,-0.055730375422591294,0.8466254606945897,12.0,7356.73935504479,10849.756570303918,0.2024723583246105,194.23800000000003,247.07195815696937,0.0,349.35483870967744,-91.95511944729196
平路匀速,0.1,12.0,0.0,800.0,15.199999999999962,25.13366965822001,90.48121076959204,-0.055664006463871374,0.8466204386898466,12.0,7355.110405039892,10847.530244999738,0.20277367860919382,194.23800000000003,246.96244937508752,0.0,349.35483870967744,-91.8456106654101
平路匀速,0.1,12.0,0.0,800.0,15.299999999999962,25.128109885097135,90.46119558634969,-0.05559773122875811,0.8466154177145824,12.0,7353.4833945117125,10845.306570719064,0.20307493712504712,194.23800000000003,246.85309523715503,0.0,349.35483870967744,-91.73625652747762
平路匀速,0.1,12.0,0.0,800.0,15.399999999999961,25.122556730141813,90.44120422851053,-0.0555315495532227,0.8466103977675714,12.0,7351.858320722325,10843.085543718862,0.20337613394570597,194.23800000000003,246.7438954724895,0.0,349.35483870967744,-91.62705676281209
平路匀速,0.1,12.0,0.0,800.0,15.499999999999961,25.11701018401446,90.42123666245206,-0.05546546127352059,0.8466053788475898,12.0,7350.235180938596,10840.867160262647,0.20367726914460216,194.23800000000003,246.63484981099646,0.0,349.35483870967744,-91.51801110131905
平路匀速,0.1,12.0,0.0,800.0,15.59999999999996,25.111470237391824,90.40129285461057,-0.05539946622636904,0.8466003609534154,12.0,7348.613972432175,10838.651416620472,0.20397834279506383,194.23800000000003,246.52595798316813,0.0,349.35483870967744,-91.40911927349072
平路匀速,0.1,12.0,0.0,800.0,15.69999999999996,25.10593688096695,90.38137277148103,-0.055333564248734035,0.8465953440838279,12.0,7346.994692479473,10836.4383090689,0.20427935497031574,194.23800000000003,246.41721972008168,0.0,349.35483870967744,-91.30038101040427
平路匀速,0.1,12.0,0.0,800.0,15.79999999999996,25.10041010544915,90.36147637961695,-0.05526775517800786,0.8465903282376085,12.0,7345.377338361667,10834.227833891015,0.20458030574347938,194.23800000000003,246.30863475339777,0.0,349.35483870967744,-91.19179604372036
平路匀速,0.1,12.0,0.0,800.0,15.89999999999996,25.094889901563956,90.34160364563024,-0.055202038851938084,0.8465853134135403,12.0,7343.761907364679,10832.01998737639,0.20488119518757317,194.23800000000003,246.20020281535906,0.0,349.35483870967744,-91.08336410568165
平路匀速,0.1,12.0,0.0,800.0,15.99999999999996,25.0893762600531,90.32175453619116,-0.05513641510855649,0.8465802996104079,12.0,7342.148396779173,10829.814765821082,0.20518202337551264,194.23800000000003,246.09192363878853,0.0,349.35483870967744,-90.97508492911112
平路匀速,0.1,12.0,0.0,800.0,16.09999999999996,25.08386917167447,90.30192901802809,-0.05507088378632119,0.846575286826998,12.0,7340.536803900539,10827.612165527598,0.20548279038011064,194.23800000000003,245.98379695708815,0.0,349.35483870967744,-90.86695824741074
平路匀速,0.1,12.0,0.0,800.0,16.19999999999996,25.07836862720207,90.28212705792745,-0.055005444723974506,0.8465702750620986,12.0,7338.927126028883,10825.41218280492,0.20578349627407744,194.23800000000003,245.87582250423736,0.0,349.35483870967744,-90.75898379455995
平路匀速,0.1,12.0,0.0,800.0,16.29999999999996,25.072874617426002,90.26234862273361,-0.05494009776068509,0.8465652643144995,12.0,7337.319360469025,10823.214813968443,0.206084141130021,194.23800000000003,245.76800001479134,0.0,349.35483870967744,-90.65116130511393
平路匀速,0.1,12.0,0.0,800.0,16.399999999999963,25.067387133152415,90.2425936793487,-0.05487484273587029,0.8465602545829924,12.0,7335.713504530477,10821.020055340005,0.2063847250204471,194.23800000000003,245.6603292238798,0.0,349.35483870967744,-90.5434905142024
平路匀速,0.1,12.0,0.0,800.0,16.499999999999964,25.061906165203474,90.22286219473251,-0.05480967948940929,0.8465552458663705,12.0,7334.10955552744,10818.827903247846,0.20668524801775956,194.23800000000003,245.55280986720535,0.0,349.35483870967744,-90.43597115752794
平路匀速,0.1,12.0,0.0,800.0,16.599999999999966,25.05643170441733,90.2031541359024,-0.054744607861429984,0.8465502381634289,12.0,7332.507510778795,10816.638354026598,0.2069857101942603,194.23800000000003,245.44544168104187,0.0,349.35483870967744,-90.32860297136446
平路匀速,0.1,12.0,0.0,800.0,16.699999999999967,25.050963741648086,90.18346946993312,-0.05467962769245105,0.8465452314729641,12.0,7330.907367608085,10814.45140401728,0.20728611162214966,194.23800000000003,245.3382244022333,0.0,349.35483870967744,-90.22138569255588
平路匀速,0.1,12.0,0.0,800.0,16.79999999999997,25.04550226776575,90.1638081639567,-0.05461473882334644,0.8465402257937745,12.0,7329.309123343518,10812.267049567283,0.20758645237352652,194.23800000000003,245.23115776819188,0.0,349.35483870967744,-90.11431905851447
平路匀速,0.1,12.0,0.0,800.0,16.89999999999997,25.040047273656224,90.14417018516241,-0.054549941095274335,0.8465352211246602,12.0,7327.712775317941,10810.085287030337,0.20788673252038847,194.23800000000003,245.12424151689677,0.0,349.35483870967744,-90.00740280721936
平路匀速,0.1,12.0,0.0,800.0,16.99999999999997,25.034598750221242,90.12455550079648,-0.05448523434981922,0.8465302174644228,12.0,7326.118320868841,10807.906112766534,0.20818695213463198,194.23800000000003,245.01747538689293,0.0,349.35483870967744,-89.90063667721552
平路匀速,0.1,12.0,0.0,800.0,17.099999999999973,25.029156688378357,90.10496407816208,-0.05442061842884982,0.8465252148118658,12.0,7324.525757338336,10805.729523142276,0.2084871112880526,194.23800000000003,244.91085911728888,0.0,349.35483870967744,-89.79402040761147
平路匀速,0.1,12.0,0.0,800.0,17.199999999999974,25.0237210790609,90.08539588461923,-0.054356093174590114,0.8465202131657943,12.0,7322.935082073153,10803.555514530288,0.20878721005234513,194.23800000000003,244.80439244775593,0.0,349.35483870967744,-89.68755373807852
平路匀速,0.1,12.0,0.0,800.0,17.299999999999976,25.018291913217936,90.06585088758457,-0.05429165842961936,0.8465152125250149,12.0,7321.346292424635,10801.384083309584,0.20908724849910373,194.23800000000003,244.6980751185264,0.0,349.35483870967744,-89.58123640884898
平路匀速,0.1,12.0,0.0,800.0,17.399999999999977,25.012869181814256,90.04632905453133,-0.05422731403680103,0.8465102128883363,12.0,7319.759385748717,10799.215225865479,0.2093872266998222,194.23800000000003,244.59190687039217,0.0,349.35483870967744,-89.47506816071476
平路匀速,0.1,12.0,0.0,800.0,17.49999999999998,25.007452875830314,90.02683035298914,-0.05416305983942493,0.8465052142545684,12.0,7318.1743594059235,10797.048938589553,0.20968714472589414,194.23800000000003,244.48588744470342,0.0,349.35483870967744,-89.36904873502601
平路匀速,0.1,12.0,0.0,800.0,17.59999999999998,25.00204298626221,90.00735475054397,-0.054098895681029546,0.8465002166225231,12.0,7316.591210761353,10794.88521787964,0.20998700264861303,194.23800000000003,244.38001658336688,0.0,349.35483870967744,-89.26317787368947
平路匀速,0.1,12.0,0.0,800.0,17.69999999999998,24.996639504121656,89.98790221483796,-0.054034821405544164,0.8464952199910137,12.0,7315.009937184678,10792.724060139835,0.21028680053917248,194.23800000000003,244.27429402884468,0.0,349.35483870967744,-89.15745531916727
平路匀速,0.1,12.0,0.0,800.0,17.799999999999983,24.99124242043593,89.96847271356935,-0.053970836857253346,0.8464902243588555,12.0,7313.43053605012,10790.565461780445,0.21058653846866637,194.23800000000003,244.16871952415275,0.0,349.35483870967744,-89.05188081447534
平路匀速,0.1,12.0,0.0,800.0,17.899999999999984,24.98585172624786,89.94906621449229,-0.05390694188072587,0.8464852297248651,12.0,7311.853004736459,10788.409419218007,0.21088621650808909,194.23800000000003,244.0632928128593,0.0,349.35483870967744,-88.94645410318188
平路匀速,0.1,12.0,0.0,800.0,17.999999999999986,24.980467412615774,89.9296826854168,-0.05384313632085025,0.8464802360878609,12.0,7310.277340627004,10786.255928875271,0.21118583472833563,194.23800000000003,243.9580136390835,0.0,349.35483870967744,-88.8411749294061
减速回收,0.1,-60.0,0.0,800.0,18.099999999999987,24.861723207061384,89.50220354542098,-1.1874420555438903,0.8464927978708471,-52.25135047855612,7275.528067890954,-27133.45125011864,0.21043212774916567,194.23800000000003,243.85288174749425,0.0,-1521.1885098998998,-1959.279391647394
减速回收,0.1,-60.0,0.0,800.0,18.19999999999999,24.742678838592155,89.07364381893176,-1.1904436846922906,0.846505359428428,-52.50091262877578,7240.690955559327,-27132.964374806652,0.20967843429430993,194.23800000000003,241.54009111420754,0.0,-1528.453988628069,-1964.2320797422767
减速回收,0.1,-60.0,0.0,800.0,18.29999999999999,24.623328635548045,88.64398308797297,-1.1935020304411026,0.8465179207565752,-52.753510095231285,7205.764343879036,-27132.468798002123,0.20892475460547655,194.23800000000003,239.23251600377432,0.0,-1535.8078342240722,-1969.2783502278467
减速回收,0.1,-60.0,0.0,800.0,18.39999999999999,24.503666812287513,88.21320052423505,-1.1966182326053243,0.8465304818511561,-53.009208349287235,7170.74653974148,-27131.964294899226,0.20817108893061823,194.23800000000003,236.93013104938618,0.0,-1543.2519527494105,-1974.4200837987967
减速回收,0.1,-60.0,0.0,800.0,18.499999999999993,24.383687465668554,87.7812748764068,-1.1997934661895826,0.8465430427079306,-53.268074851564855,7135.635815652751,-27131.45063285699,0.20741743752414998,194.23800000000003,234.6329110341811,0.0,-1550.788308178622,-1979.659219212803
减速回收,0.1,-60.0,0.0,800.0,18.599999999999994,24.263384571391455,87.34818445700924,-1.2030289427709917,0.8465556033225468,-53.53017913031019,7100.430408663387,-27130.92757105541,0.2066638006471762,194.23800000000003,232.34083089130482,0.0,-1558.4189246808046,-1984.9977555721096
减速回收,0.1,-60.0,0.0,800.0,18.699999999999996,24.14275198019655,86.91390712870758,-1.206325911949051,0.8465681636905376,-53.79559286356737,7065.128519255669,-27130.394860133405,0.20591017856772806,194.23800000000003,230.05386570401834,0.0,-1566.145889011921,-1990.4377547159395
减速回收,0.1,-60.0,0.0,800.0,18.799999999999997,24.021783413909873,86.47842029007555,-1.2096856628667751,0.8465807238073162,-54.06438996537753,7029.7283101864405,-27129.852241807286,0.2051565715610112,194.23800000000003,227.77199070585334,0.0,-1573.9713530242973,-1995.9813437301507
减速回收,0.1,-60.0,0.0,800.0,18.9,23.90047246132921,86.04170086078516,-1.2131095258066438,0.846593283668172,-54.33664667623808,6994.227905283191,-27129.299448468686,0.20440297990966483,194.23800000000003,225.49518128081846,0.0,-1581.8975363001568,-2001.6307175809754
减速回收,0.1,-60.0,0.0,800.0,19.0,23.77881257394253,85.60372526619311,-1.2165988738667721,0.8466058432682658,-54.61244165807363,6958.625388191101,-27128.736202760454,0.2036494039040326,194.23800000000003,223.22341296365775,0.0,-1589.9267289164984,-2007.3881418801561
减速回收,0.1,-60.0,0.0,800.0,19.1,23.656797061470453,85.16446942129363,-1.2201551247207831,0.8466184026026256,-54.89185609398678,6922.918801068589,-27128.16221712934,0.2028958438424457,194.23800000000003,220.95666144016377,0.0,-1598.0612943491315,-2013.2559557892953
减速回收,0.1,-60.0,0.0,800.0,19.200000000000003,23.53441908722368,84.72390871400525,-1.223779742467741,0.846630961666141,-55.17497379307546,6887.106143228721,-27127.577193353645,0.2021423000315192,194.23800000000003,218.69490254754876,0.0,-1606.303672524213,-2019.2365750717618
减速回收,0.1,-60.0,0.0,800.0,19.300000000000004,23.411671663266038,84.28201798775774,-1.2274742395764093,0.8466435204535586,-55.46188130062388,6851.185369723708,-27126.98082204459,0.20138877278646242,194.23800000000003,216.43811227487467,0.0,-1614.6563830262276,-2025.3324953011022
减速回收,0.1,-60.0,0.0,800.0,19.400000000000006,23.288547645372976,83.83877152334271,-1.2312401789306193,0.8466560789594763,-55.75266801399548,6815.154389869583,-27126.372782119295,0.20063526243140356,194.23800000000003,214.186266763547,0.0,-1623.1220284719652,-2031.5462952355124
减速回收,0.1,-60.0,0.0,800.0,19.500000000000007,23.16503972777488,83.39414301998957,-1.235079175980971,0.8466686371783375,-56.04742630457978,6779.011065707866,-27125.752740243683,0.19988176929973012,194.23800000000003,211.9393423078737,0.0,-1631.7032980607498,-2037.8806403686235
减速回收,0.1,-60.0,0.0,800.0,19.60000000000001,23.041140437673814,82.94810557562573,-1.238992901010647,0.8466811951044256,-56.34625164617035,6742.753210400956,-27125.12035024334,0.19912829373444557,194.23800000000003,209.6973153556933,0.0,-1640.4029713118948,-2044.3382866675881
减速回收,0.1,-60.0,0.0,800.0,19.70000000000001,22.91684212952168,82.50063166627805,-1.242983081521345,0.8466937527318573,-56.64924275017845,6706.37858655769,-27124.47525247993,0.19837483608854334,194.23800000000003,207.4601625090751,0.0,-1649.2239220011627,-2050.9220845102377
减速回收,0.1,-60.0,0.0,800.0,19.80000000000001,22.792136979046894,82.05169312456883,-1.2470515047478514,0.8467063100545764,-56.95650170811646,6669.884904485319,-27123.817073190985,0.19762139672539913,194.23800000000003,205.22786052509554,0.0,-1658.1691223088744,-2057.63498283397
减速回收,0.1,-60.0,0.0,800.0,19.900000000000013,22.66701697701599,81.60126111725756,-1.2512000203090423,0.8467188670663467,-57.268134141817505,6633.269820363881,-27123.145423790535,0.19686797601918274,194.23800000000003,203.00038631669392,0.0,-1667.2416471932354,-2064.4800335099294
减速回收,0.1,-60.0,0.0,800.0,20.000000000000014,22.54147392271556,81.14930612177602,-1.2554305430042945,0.846731423760745,-57.58424936189238,6596.530934338793,-27122.45990012765,0.1961145743552903,194.23800000000003,200.7777169536123,0.0,-1676.4446790034797,-2071.4603959570923
减速回收,0.1,-60.0,0.0,800.0,20.100000000000016,22.41549941713908,80.6957979017007,-1.259745055764796,0.8467439801311532,-57.90496053496276,6559.665788527015,-27121.760081700177,0.19536119213079864,194.23800000000003,198.5598296634232,0.0,-1685.7815123485125,-2078.5793420119358
减速回收,0.1,-60.0,0.0,800.0,20.200000000000017,22.289084855862075,80.24070548110348,-1.2641456127700579,0.8467565361707508,-58.23038486025083,6522.671864932059,-27121.0455308203,0.1946078297549425,194.23800000000003,196.3467018326502,0.0,-1695.2555592379476,-2085.840261070598
减速回收,0.1,-60.0,0.0,800.0,20.30000000000002,22.162221421588033,79.78399711771692,-1.2686343427404267,0.8467690918725062,-58.56064375615,6485.546583262617,-27120.315791728463,0.1938544876496167,194.23800000000003,194.13831100798652,0.0,-1704.8703545137216,-2093.246665521708
减速回收,0.1,-60.0,0.0,800.0,20.40000000000002,22.034900076346243,79.32564027484648,-1.2732134524178917,0.846781647229168,-58.89586305745016,6448.287298649347,-27119.570389651974,0.19310116624990417,194.23800000000003,191.93463489761635,0.0,-1714.6295615918957,-2100.802196489512
减速回收,0.1,-60.0,0.0,800.0,20.50000000000002,21.90711155332149,78.86560159195736,-1.2778852302475485,0.846794202233256,-59.23617322394372,6410.891299253904,-27118.808829804173,0.19234786600463183,194.23800000000003,189.73565137264515,0.0,-1724.5369785357811,-2108.5106299084264
减速回收,0.1,-60.0,0.0,800.0,20.600000000000023,21.778846348294103,78.40384685385877,-1.2826520502738603,0.8468067568770505,-59.58170956119667,6373.355803763974,-27118.03059631971,0.19159458737695628,194.23800000000003,187.5413384686445,0.0,-1734.5965444832257,-2116.37588295187
减速回收,0.1,-60.0,0.0,800.0,20.700000000000024,21.650094710667435,77.94034095840277,-1.287516376266673,0.8468193111525835,-59.932612454331206,6335.6779587675455,-27117.2351511211,0.1908413308449807,194.23800000000003,185.35167438731884,0.0,-1744.8123464527066,-2124.4020208400257
减速回收,0.1,-60.0,0.0,800.0,20.800000000000026,21.521356599694908,77.47688375890166,-1.287381109725274,0.846831803244185,-60.0,6298.004072207589,-26982.9178594106,0.19009180534888595,194.23800000000003,183.1666374982995,0.0,-1746.774193548387,-2124.178831046687
减速回收,0.1,-60.0,0.0,800.0,20.900000000000027,21.39275011621502,77.01390041837408,-1.2860648347988857,0.846844218662778,-60.0,6260.3687050820745,-26817.30416072268,0.1893468802333103,194.23800000000003,180.99478386974602,0.0,-1746.774193548387,-2122.006977418133
减速回收,0.1,-60.0,0.0,800.0,21.00000000000003,21.26427434181811,76.5513876305452,-1.2847577439691094,0.8468565574865227,-60.0,6222.771588627844,-26651.859288314863,0.1886065508086349,194.23800000000003,178.8380840006684,0.0,-1746.774193548387,-2119.8502775490556
减速回收,0.1,-60.0,0.0,800.0,21.10000000000003,21.135928361425034,76.08934210113013,-1.2834598039307465,0.846868819793033,-60.0,6185.2124550563785,-26486.582062248406,0.18787081241801687,194.23800000000003,176.69648293734573,0.0,-1746.774193548387,-2117.7086764857327
减速回收,0.1,-60.0,0.0,800.0,21.20000000000003,21.007711263259058,75.6277605477326,-1.2821709816597604,0.8468810056593787,-60.0,6147.69103754558,-26321.471306853146,0.18713966043727095,194.23800000000003,174.5699261901905,0.0,-1746.774193548387,-2115.5821197385776
减速回收,0.1,-60.0,0.0,800.0,21.300000000000033,20.8796221388179,75.16663969974445,-1.2808912444115705,0.8468931151620874,-60.0,6110.207070231579,-26156.52585069146,0.18641309027475175,194.23800000000003,172.45835973068336,0.0,-1746.774193548387,-2113.4705532790704
减速回收,0.1,-60.0,0.0,800.0,21.400000000000034,20.751660082845977,74.70597629824552,-1.2796205597192412,0.846905148377146,-60.0,6072.760288200624,-25991.7445265224,0.18569109737123723,194.23800000000003,170.36172998833905,0.0,-1746.774193548387,-2111.373923536726
减速回收,0.1,-60.0,0.0,800.0,21.500000000000036,20.62382419330682,74.24576709590455,-1.2783588953915626,0.8469171053800031,-60.0,6035.350427481003,-25827.12617126607,0.18497367719981317,194.23800000000003,168.27998384770376,0.0,-1746.774193548387,-2109.2921773960907
减速回收,0.1,-60.0,0.0,800.0,21.600000000000037,20.496113571355682,73.78600885688046,-1.2771062195113814,0.8469289862455707,-60.0,5997.977225035026,-25662.669625968287,0.1842608252657585,194.23800000000003,166.21306864538306,0.0,-1746.774193548387,-2107.22526219377
减速回收,0.1,-60.0,0.0,800.0,21.70000000000004,20.368527321312317,73.32669835672435,-1.2758625004336466,0.8469407910482262,-60.0,5960.640418751067,-25498.37373576537,0.18355253710643168,194.23800000000003,164.16093216710084,0.0,-1746.774193548387,-2105.173125715488
减速回收,0.1,-60.0,0.0,800.0,21.80000000000004,20.241064550633943,72.8678323822822,-1.2746277067837397,0.8469525198618141,-60.0,5923.339747435644,-25334.23734984929,0.1828488082911581,194.23800000000003,162.12352264478835,0.0,-1746.774193548387,-2103.1357161931755
减速回收,0.1,-60.0,0.0,800.0,21.90000000000004,20.113724369888363,72.40940773159811,-1.2734018074558051,0.8469641727596481,-60.0,5886.074950805551,-25170.259321432903,0.18214963442111828,194.23800000000003,160.10078875370354,0.0,-1746.774193548387,-2101.1129823020906
减速回收,0.1,-60.0,0.0,800.0,22.000000000000043,19.986505892727273,71.95142121381818,-1.2721847716109025,0.8469757498145127,-60.0,5848.845769480061,-25006.43850771555,0.1814550111292373,194.23800000000003,158.0926796095796,0.0,-1746.774193548387,-2099.1048731579667
减速回收,0.1,-60.0,0.0,800.0,22.100000000000044,19.859408235859746,71.49386964909509,-1.270976568675266,0.8469872510986655,-60.0,5811.65194497315,-24842.77376984874,0.18076493408007482,194.23800000000003,156.09914476580363,0.0,-1746.774193548387,-2097.1113383141906
减速回收,0.1,-60.0,0.0,800.0,22.200000000000045,19.73243051902587,71.03674986849313,-1.269777168338777,0.8469986766838381,-60.0,5774.493219685787,-24679.26397290219,0.18007939896971642,194.23800000000003,154.12013421062412,0.0,-1746.774193548387,-2095.1323277590113
减速回收,0.1,-60.0,0.0,800.0,22.300000000000047,19.60557186497055,70.58005871389398,-1.268586540553187,0.8470100266412389,-60.0,5737.369336898284,-24515.907985829952,0.17939840152566558,194.23800000000003,152.1555983643874,0.0,-1746.774193548387,-2093.1677919127746
减速回收,0.1,-60.0,0.0,800.0,22.40000000000005,19.47883139941751,70.12379303790303,-1.267404655530413,0.8470213010415544,-60.0,5700.280040762655,-24352.70468143683,0.1787219375067368,194.23800000000003,150.2054880768029,0.0,-1746.774193548387,-2091.21768162519
减速回收,0.1,-60.0,0.0,800.0,22.50000000000005,19.35220825104341,69.66794970375628,-1.2662314837409738,0.8470324999549508,-60.0,5663.225076295076,-24189.652936345014,0.17805000270294943,194.23800000000003,148.26975462423644,0.0,-1746.774193548387,-2089.2819481726237
减速回收,0.1,-60.0,0.0,800.0,22.60000000000005,19.225701551452172,69.21252558522782,-1.2650669959123917,0.8470436234510762,-60.0,5626.204189368344,-24026.751630960873,0.17738259293542274,194.23800000000003,146.34834970703218,0.0,-1746.774193548387,-2087.3605432554195
减速回收,0.1,-60.0,0.0,800.0,22.700000000000053,19.09931043514943,68.75751756653796,-1.2639111630274158,0.847054671599062,-60.0,5589.217126704422,-23863.999649441997,0.17671970405627158,194.23800000000003,144.44122544686186,0.0,-1746.774193548387,-2085.453418995249
减速回收,0.1,-60.0,0.0,800.0,22.800000000000054,18.97303403951716,68.30292254226178,-1.2627639563227078,0.8470656444675249,-60.0,5552.263635866999,-23701.395879664466,0.17606133194850312,194.23800000000003,142.54833438410222,0.0,-1746.774193548387,-2083.5605279324895
减速回收,0.1,-60.0,0.0,800.0,22.900000000000055,18.846871504788457,67.84873741723844,-1.2616253472870298,0.847076542124568,-60.0,5515.343465254116,-23538.939213190224,0.17540747252591452,194.23800000000003,140.6696294752391,0.0,-1746.774193548387,-2081.6818230236263
减速回收,0.1,-60.0,0.0,800.0,23.000000000000057,18.720821974022474,67.39495910648091,-1.2604953076598235,0.8470873646377833,-60.0,5478.4563640908345,-23376.628545234777,0.17475812173299132,194.23800000000003,138.80506409029923,0.0,-1746.774193548387,-2079.8172576386864
减速回收,0.1,-60.0,0.0,800.0,23.10000000000006,18.594884593079524,66.94158453508629,-1.2593738094295048,0.8470981120742531,-60.0,5441.602082421942,-23214.462774634994,0.17411327554480702,194.23800000000003,136.95459201030855,0.0,-1746.774193548387,-2077.966785558696
减速回收,0.1,-60.0,0.0,800.0,23.20000000000006,18.4690585105963,66.48861063814668,-1.2582608248322202,0.8471087845005512,-60.0,5404.780371104705,-23052.440803817186,0.1734729299669232,194.23800000000003,135.11816742477725,0.0,-1746.774193548387,-2076.1303609731644
减速回收,0.1,-60.0,0.0,800.0,23.30000000000006,18.343342877961295,66.03603436066066,-1.2571563263500707,0.8471193819827451,-60.0,5367.990981801679,-22890.56153876529,0.17283708103529083,194.23800000000003,133.29574492921117,0.0,-1746.774193548387,-2074.3079384775983
减速回收,0.1,-60.0,0.0,800.0,23.400000000000063,18.217736849290322,65.58385265744516,-1.256060286709726,0.8471299045863974,-60.0,5331.233666973541,-22728.82388898934,0.17220572481615223,194.23800000000003,131.48727952264912,0.0,-1746.774193548387,-2072.4994730710364
减速回收,0.1,-60.0,0.0,800.0,23.500000000000064,18.092239581402225,65.13206249304801,-1.2549726788809679,0.8471403523765675,-60.0,5294.508179871981,-22567.226767494074,0.17157885740594406,194.23800000000003,129.69272660522654,0.0,-1746.774193548387,-2070.704920153614
减速回收,0.1,-60.0,0.0,800.0,23.600000000000065,17.966850233794702,64.68066084166092,-1.253893476075234,0.8471507254178132,-60.0,5257.81427453263,-22405.769090747697,0.17095647493120106,194.23800000000003,127.91204197576431,0.0,-1746.774193548387,-2068.9242355241513
减速回收,0.1,-60.0,0.0,800.0,23.700000000000067,17.841567968620293,64.22964468703306,-1.25282265174409,0.8471610237741922,-60.0,5221.151705768029,-22244.449778650942,0.17033857354846074,194.23800000000003,126.1451818293832,0.0,-1746.774193548387,-2067.15737537777
减速回收,0.1,-60.0,0.0,800.0,23.800000000000068,17.7163919506625,63.779011022385006,-1.2517601795779143,0.8471712475092638,-60.0,5184.520229160645,-22083.267754506185,0.16972514944416892,194.23800000000003,124.39210275514374,0.0,-1746.774193548387,-2065.404296303531
减速回收,0.1,-60.0,0.0,800.0,23.90000000000007,17.59132134731207,63.32875685032346,-1.2507060335043008,0.8471813966860902,-60.0,5147.919601055925,-21922.221944986857,0.16911619883458595,194.23800000000003,122.6527617337105,0.0,-1746.774193548387,-2063.6649552820977
减速回收,0.1,-60.0,0.0,800.0,24.00000000000007,17.46635532854338,62.878879182756165,-1.2496601876869207,0.8471914713672384,-60.0,5111.349578555395,-21761.31128010697,0.16851171796569409,194.23800000000003,120.9271161350419,0.0,-1746.774193548387,-2061.939309683429
